Year;Volcanic Explosivity Index;Volcano Type;Flag Tsunami;Flag Earthquake;Name and country
1280;6;Caldera;F;F;Ecuador (Ecuador)
1540;4;Domo de lava;T;F;Alaska-SW (United States)
1660;6;Volcan complejo;T;F;New Guinea-NE of (Papua New Guinea)
1858;??;Estratovolcan;F;T;Honshu-Japan (Japan)
1864;2;Estratovolcan;F;F;Java (Indonesia)
1873;2;Estratovolcan;F;F;Mindanao-Philippines (Philippines)
1902;3;Estratovolcan;F;F;Izu Is-Japan (Japan)
1907;2;Volcan en escudo;F;F;Africa-NE (Ethiopia)
1909;2;Estratovolcan;F;F;Java (Indonesia)
1919;4;Estratovolcan;F;F;Java (Indonesia)
1919;??;Estratovolcan;F;F;Honshu-Japan (Japan)
1920;3;Estratovolcan;F;F;El Salvador (El Salvador)
1938;??;Estratovolcan;F;F;Honshu-Japan (Japan)
1949;3;Estratovolcan;F;F;Chile-C (Chile)
1963;3;Estratovolcan;F;F;Guatemala (Guatemala)
1968;3;Estratovolcan;F;F;Luzon-Philippines (Philippines)
1985;3;Estratovolcan;F;F;Java (Indonesia)
1992;2;Volcan complejo;F;F;Sumatra (Indonesia)
2001;2;Estratovolcan;F;F;Italy (Italy)
2004;4;Estratovolcan;F;F;New Guinea-NE of (Papua New Guinea)
2010;??;Estratovolcan;T;T;Mariana Is-C Pacific (United States)
2018;2;Estratovolcan;F;T;Italy (Italy)
2020;??;Estratovolcan;F;F;Luzon-Philippines (Philippines)
1357;4;Volcan subglacial;F;F;Iceland-S (Iceland)
1586;5;Estratovolcan;F;F;Java (Indonesia)
1730;??;Cono piroclastico;F;F;Canada (Canada)
1823;0;Volcan en escudo;F;F;Hawaiian Is (United States)
1832;3;Estratovolcan;F;F;Java (Indonesia)
1838;2;Estratovolcan;F;F;Halmahera-Indonesia (Indonesia)
1858;2;Estratovolcan;F;F;Luzon-Philippines (Philippines)
1872;3;Caldera;F;F;Kyushu-Japan (Japan)
1879;2;Estratovolcan;T;F;Italy (Italy)
1893;2;Estratovolcan;F;F;Honshu-Japan (Japan)
1918;3;Volcan submarino;T;F;Sangihe Is-Indonesia (Indonesia)
1940;2;Estratovolcan;F;F;Izu Is-Japan (Japan)
1966;3;Estratovolcan;T;F;Santa Cruz Is-SW Pac (Solomon Is.)
1970;3;Estratovolcan;F;F;Iceland-S (Iceland)
1974;4;Estratovolcan;F;F;Guatemala (Guatemala)
1975;2;Volcan complejo;F;F;Sumatra (Indonesia)
1977;1;Caldera;F;F;Iceland-NE (Iceland)
1984;??;Volcan complejo;F;F;Honshu-Japan (Japan)
1989;??;Caldera;F;F;Kyushu-Japan (Japan)
1991;??;Volcan complejo;F;F;Kamchatka (Russia)
1991;5;Estratovolcan;F;F;Chile-S (Chile)
1992;??;Volcan complejo;F;F;Java (Indonesia)
1993;2;Estratovolcan;F;F;Luzon-Philippines (Philippines)
1995;??;Volcan complejo;F;F;Lesser Sunda Is (Indonesia)
2015;??;Domo de lava;F;F;New Zealand (New Zealand)
2018;??;Estratovolcan;T;F;New Guinea-NE of (Papua New Guinea)
-1750;6;Estratovolcan;F;F;Alaska Peninsula (United States)
847;6;Estratovolcan;F;F;Alaska-E (United States)
930;6;Estratovolcan;F;F;Mexico (Mexico)
1158;4;Estratovolcan;F;F;Iceland-S (Iceland)
1329;1;Estratovolcan;F;F;Italy (Italy)
1510;4;Estratovolcan;F;F;Iceland-S (Iceland)
1615;3;Caldera;F;F;Banda Sea (Pacific Ocean)
1617;3;Estratovolcan;F;F;Guatemala (Guatemala)
1646;4;Estratovolcan;F;F;Halmahera-Indonesia (Indonesia)
1677;2;Estratovolcan;F;F;Canary Is (Spain)
1784;0;Volcan en escudo;F;F;Hawaiian Is (United States)
1800;5;Estratovolcan;F;F;US-Washington (United States)
1820;2;Caldera;F;F;Banda Sea (Pacific Ocean)
1827;2;Estratovolcan;T;T;Kamchatka (Russia)
1843;2;Estratovolcan;F;F;Italy (Italy)
1847;2;Volcan complejo;F;F;Java (Indonesia)
1857;??;Volcan complejo;T;T;New Guinea-NE of (Papua New Guinea)
1866;2;Volcan en escudo;T;F;Samoa-SW Pacific (United States)
1870;2;Estratovolcan;F;F;Sangihe Is-Indonesia (Indonesia)
1870;3;Volcan complejo;F;F;Lesser Sunda Is (Indonesia)
1885;3;Estratovolcan;F;T;Colombia (Colombia)
1897;2;Estratovolcan;T;F;Santa Cruz Is-SW Pac (Solomon Is.)
1902;4;Estratovolcan;T;F;W Indies (St. Vincent & the Grenadines)
1903;??;Volcan en escudo;F;F;Indian O-W (Comoros)
1932;3;Estratovolcan;F;F;Honshu-Japan (Japan)
1951;2;Volcan submarino;T;F;Solomon Is-SW Pacifi (Solomon Is.)
1971;??;Estratovolcan;F;F;Honshu-Japan (Japan)
1991;1;Estratovolcan;F;F;Sulawesi-Indonesia (Indonesia)
1995;3;Volcan complejo;F;F;Guatemala (Guatemala)
1998;??;Volcan en escudo;F;F;Hawaiian Is (United States)
1999;2;Estratovolcan;F;F;Guatemala (Guatemala)
2011;3;Estratovolcan;F;F;Halmahera-Indonesia (Indonesia)
2017;??;Estratovolcan;F;F;Sumatra (Indonesia)
-1890;6;Estratovolcan;F;F;Chile-S (Chile)
-455;4;Estratovolcan;F;F;Ecuador (Ecuador)
240;6;Estratovolcan;F;F;Kamchatka (Russia)
1362;5;Estratovolcan;F;F;Iceland-SE (Iceland)
1385;3;Estratovolcan;F;F;Java (Indonesia)
1630;4;Estratovolcan;F;F;Azores (Portugal)
1669;3;Estratovolcan;F;T;Italy (Italy)
1670;2;Volcan en escudo;F;F;Vanuatu-SW Pacific (Vanuatu)
1690;3;Volcan complejo;F;F;Java (Indonesia)
1766;3;Estratovolcan;F;F;Luzon-Philippines (Philippines)
1780;3;Estratovolcan;F;F;Izu Is-Japan (Japan)
1784;4;Caldera;F;F;Iceland-NE (Iceland)
1890;2;Estratovolcan;F;F;New Guinea (Papua New Guinea)
1913;1;Volcan complejo;F;F;Honshu-Japan (Japan)
1926;3;Estratovolcan;F;F;Hokkaido-Japan (Japan)
1932;4;Estratovolcan;F;F;Guatemala (Guatemala)
1964;2;Estratovolcan;F;F;Chile-C (Chile)
1967;3;Caldera;T;F;Antarctica (Antarctica)
1974;2;Estratovolcan;F;F;Java (Indonesia)
1977;1;Estratovolcan;F;F;Africa-C (Congo, DRC)
1988;3;Estratovolcan;F;F;Chile-C (Chile)
1991;1;Volcan complejo;F;F;Kyushu-Japan (Japan)
1993;1;Estratovolcan;F;F;Ecuador (Ecuador)
2008;3;Estratovolcan;F;F;Ecuador (Ecuador)
2011;3;Estratovolcan;F;F;Africa-NE (Eritrea)
2013;??;Estratovolcan;F;F;Peru (Peru)
2014;??;Estratovolcan;F;F;Sumatra (Indonesia)
2015;??;Estratovolcan;F;F;Sumatra (Indonesia)
416;??;Caldera;T;F;Indonesia (Indonesia)
1311;3;Estratovolcan;F;F;Java (Indonesia)
1410;3;Estratovolcan;F;F;Honshu-Japan (Japan)
1672;2;Estratovolcan;F;F;Azores (Portugal)
1780;??;Estratovolcan;T;F;Kyushu-Japan (Japan)
1800;2;Estratovolcan;F;F;Africa-E (Tanzania)
1803;2;Volcan complejo;F;F;Honshu-Japan (Japan)
1894;3;Escudo piroclastico;F;F;Vanuatu-SW Pacific (Vanuatu)
1910;2;Estratovolcan;F;F;Hokkaido-Japan (Japan)
1911;2;Volcan complejo;F;F;Honshu-Japan (Japan)
1917;3;Estratovolcan;F;T;El Salvador (El Salvador)
1923;??;Estratovolcan;F;F;Java (Indonesia)
1923;2;Volcan en escudo;F;F;Kyushu-Japan (Japan)
1929;4;Estratovolcan;F;F;Hokkaido-Japan (Japan)
1929;3;Estratovolcan;F;F;Guatemala (Guatemala)
1939;1;Volcan submarino;T;F;W Indies (Netherlands)
1951;3;Estratovolcan;F;F;Java (Indonesia)
1966;4;Estratovolcan;F;F;Sangihe Is-Indonesia (Indonesia)
1971;2;Estratovolcan;F;F;Chile-C (Chile)
1974;2;Domo de lava;F;F;Honshu-Japan (Japan)
1977;0;Volcan en escudo;F;F;Indian O-W (Comoros)
1978;2;Estratovolcan;F;F;Luzon-Philippines (Philippines)
1982;5;Cono de toba;F;F;Mexico (Mexico)
1986;??;Volcan complejo;F;F;Honshu-Japan (Japan)
2001;2;Estratovolcan;F;F;Italy (Italy)
2018;1;Volcan en escudo;F;F;Hawaiian Is (United States)
-1645;6;Caldera;F;F;Alaska Peninsula (United States)
1636;3;Estratovolcan;F;F;Iceland-S (Iceland)
1669;3;Estratovolcan;F;F;Italy (Italy)
1698;3;Volcan complejo;T;F;Italy (Italy)
1706;2;Estratovolcan;T;F;Canary Is (Spain)
1707;4;Estratovolcan;F;T;Honshu-Japan (Japan)
1826;2;Volcan complejo;F;F;Java (Indonesia)
1832;2;Estratovolcan;F;F;Italy (Italy)
1835;5;Estratovolcan;F;F;Nicaragua (Nicaragua)
1860;??;Caldera;F;F;Iceland-NE (Iceland)
1871;2;Estratovolcan;F;F;Halmahera-Indonesia (Indonesia)
1872;4;Estratovolcan;F;F;Kuril Is (Russia)
1899;4;Estratovolcan;F;F;Colombia (Colombia)
1905;2;Volcan complejo;F;F;Italy (Italy)
1924;2;Volcan en escudo;F;F;Hawaiian Is (United States)
1931;3;Volcan complejo;F;F;Honshu-Japan (Japan)
1947;2;Estratovolcan;F;F;Luzon-Philippines (Philippines)
1957;2;Estratovolcan;F;T;Aleutian Is (United States)
1963;2;Caldera;F;F;Lesser Sunda Is (Indonesia)
1967;3;Estratovolcan;F;F;Africa-E (Tanzania)
1969;3;Estratovolcan;F;F;Lesser Sunda Is (Indonesia)
1988;3;Estratovolcan;F;F;Java (Indonesia)
1990;2;Caldera;F;F;Kyushu-Japan (Japan)
1994;??;Estratovolcan;F;T;Colombia (Colombia)
1999;4;Estratovolcan;F;F;Kamchatka (Russia)
1999;3;Estratovolcan;F;F;Ecuador (Ecuador)
2019;2;Estratovolcan;F;F;New Zealand (New Zealand)
920;4;Volcan subglacial;F;F;Iceland-S (Iceland)
1104;5;Estratovolcan;F;F;Iceland-S (Iceland)
1151;1;Filas de crateres;F;F;Iceland-SW (Iceland)
1206;2;Estratovolcan;F;F;Iceland-S (Iceland)
1329;3;Estratovolcan;T;T;Italy (Italy)
1485;2;Caldera;F;F;Kyushu-Japan (Japan)
1550;3;Volcan complejo;F;F;Halmahera-Indonesia (Indonesia)
1576;3;Estratovolcan;F;F;Mexico (Mexico)
1580;4;Volcan subglacial;F;F;Iceland-S (Iceland)
1598;2;Volcan complejo;F;F;Honshu-Japan (Japan)
1730;2;Respiradero de fisura;F;F;Canary Is (Spain)
1772;3;Estratovolcan;F;F;Java (Indonesia)
1781;4;Estratovolcan;T;F;Kyushu-Japan (Japan)
1826;2;Caldera;F;F;Kyushu-Japan (Japan)
1840;0;Volcan en escudo;T;F;Hawaiian Is (United States)
1840;3;Estratovolcan;F;F;Solomon Is-SW Pacifi (Solomon Is.)
1850;2;Escudo piroclastico;F;F;New Britain-SW Pac (Papua New Guinea)
1858;??;Estratovolcan;F;F;Honshu-Japan (Japan)
1883;2;Volcan en escudo;F;F;Indian O-W (Comoros)
1887;3;Estratovolcan;F;F;Luzon-Philippines (Philippines)
1890;2;Estratovolcan;F;F;Halmahera-Indonesia (Indonesia)
1902;4;Estratovolcan;T;F;W Indies (Martinique)
1902;6;Estratovolcan;F;F;Guatemala (Guatemala)
1936;3;Volcan complejo;F;F;Honshu-Japan (Japan)
1937;2;Estratovolcan;F;F;Chile-C (Chile)
1943;3;Volcan en escudo;F;F;Galapagos (Ecuador)
1951;4;Estratovolcan;F;F;New Guinea (Papua New Guinea)
1970;??;Caldera;F;F;Italy (Italy)
1981;3;Estratovolcan;F;F;Java (Indonesia)
1983;1;Volcan complejo;T;F;Lesser Sunda Is (Indonesia)
1985;1;Estratovolcan;F;F;Italy (Italy)
1990;3;Estratovolcan;F;F;Peru (Peru)
1990;??;Estratovolcan;F;F;Africa-C (Congo, DRC)
1997;3;Estratovolcan;F;F;Java (Indonesia)
1999;3;Estratovolcan;T;F;W Indies (Montserrat)
2000;2;Estratovolcan;F;F;Java (Indonesia)
1593;5;Estratovolcan;F;F;Java (Indonesia)
1609;??;Cono piroclastico;F;F;China-S (China)
1692;4;Estratovolcan;F;F;Banda Sea (Pacific Ocean)
1718;2;Estratovolcan;F;F;Azores (Portugal)
1846;??;Caldera;F;F;New Zealand (New Zealand)
1866;2;Volcan en escudo;F;F;Greece (Greece)
1877;0;Volcan en escudo;T;T;Hawaiian Is (United States)
1883;3;Cono de lava;F;F;Bougainville-SW Paci (Papua New Guinea)
1886;4;Volcan en escudo;F;F;Tonga-SW Pacific (Tonga)
1896;2;Volcan en escudo;F;F;Kyushu-Japan (Japan)
1902;4;Estratovolcan;T;F;W Indies (Martinique)
1914;??;Volcan en escudo;F;F;Vanuatu-SW Pacific (Vanuatu)
1923;1;Estratovolcan;F;F;Java (Indonesia)
1928;2;Volcan en escudo;F;F;Greece (Greece)
1947;??;Estratovolcan;F;F;Honshu-Japan (Japan)
1963;5;Estratovolcan;T;F;Lesser Sunda Is (Indonesia)
1963;2;Estratovolcan;F;F;Java (Indonesia)
1965;4;Estratovolcan;T;F;Luzon-Philippines (Philippines)
1973;3;Volcan submarino;F;F;Iceland-S (Iceland)
1974;3;Estratovolcan;F;F;Sangihe Is-Indonesia (Indonesia)
1975;0;Volcan en escudo;T;T;Hawaiian Is (United States)
1982;5;Cono de toba;F;F;Mexico (Mexico)
1986;3;Maar;F;F;Africa-W (Cameroon)
1992;3;Estratovolcan;F;F;Java (Indonesia)
1994;3;Estratovolcan;F;F;Vanuatu-SW Pacific (Vanuatu)
1998;??;Estratovolcan;F;F;Nicaragua (Nicaragua)
2004;2;Estratovolcan;F;F;Java (Indonesia)
2007;??;Estratovolcan;F;F;Colombia (Colombia)
2008;??;Caldera;F;F;Chile-S (Chile)
2008;3;Estratovolcan;T;F;Aleutian Is (United States)
2017;??;Estratovolcan;F;F;Java (Indonesia)
-1610;7;Volcan en escudo;T;T;Greece (Greece)
-150;??;Volcan complejo;F;F;Admiralty Is-SW Paci (Papua New Guinea)
-100;6;Volcan en escudo;F;F;Aleutian Is (United States)
1341;3;Estratovolcan;F;F;Iceland-S (Iceland)
1430;??;Caldera;F;F;Vanuatu-SW Pacific (Vanuatu)
1510;4;Estratovolcan;F;F;Iceland-S (Iceland)
1580;6;Escudo piroclastico;F;F;Bougainville-SW Paci (Papua New Guinea)
1698;3;Estratovolcan;F;F;Java (Indonesia)
1716;4;Estratovolcan;T;T;Luzon-Philippines (Philippines)
1717;3;Estratovolcan;F;F;Guatemala (Guatemala)
1721;5;Volcan subglacial;F;F;Iceland-S (Iceland)
1819;??;Estratovolcan;T;F;Mariana Is-C Pacific (United States)
1845;3;Estratovolcan;F;F;Colombia (Colombia)
1895;2;Volcan en escudo;F;F;Kyushu-Japan (Japan)
1901;??;Estratovolcan;T;T;Vanuatu-SW Pacific (Vanuatu)
1907;0;Volcan submarino;T;T;Tonga-SW Pacific (Tonga)
1928;??;Caldera;T;F;Indonesia (Indonesia)
1940;2;Estratovolcan;F;F;Africa-E (Tanzania)
1946;2;Estratovolcan;F;F;Java (Indonesia)
1953;3;Estratovolcan;F;F;Java (Indonesia)
1954;??;Estratovolcan;F;F;Honshu-Japan (Japan)
1961;2;Volcan complejo;F;F;Honshu-Japan (Japan)
1962;3;Estratovolcan;F;F;Hokkaido-Japan (Japan)
1963;3;Estratovolcan;F;T;Lesser Sunda Is (Indonesia)
1969;2;Volcan compuesto;T;F;Luzon-N of (Philippines)
1997;1;Estratovolcan;F;F;Sangihe Is-Indonesia (Indonesia)
2000;3;Estratovolcan;F;F;Java (Indonesia)
2009;??;Volcan en escudo;F;F;Hawaiian Is (United States)
2011;??;Estratovolcan;F;F;Java (Indonesia)
-1900;6;Estratovolcan;F;F;Alaska Peninsula (United States)
1477;6;Estratovolcan;F;F;Iceland-NE (Iceland)
1597;3;Estratovolcan;F;F;Java (Indonesia)
1673;5;Estratovolcan;T;F;Halmahera-Indonesia (Indonesia)
1754;4;Estratovolcan;T;T;Luzon-Philippines (Philippines)
1768;4;Estratovolcan;F;F;Ecuador (Ecuador)
1792;2;Volcan complejo;T;T;Kyushu-Japan (Japan)
1814;4;Estratovolcan;F;F;Luzon-Philippines (Philippines)
1815;7;Estratovolcan;T;F;Lesser Sunda Is (Indonesia)
1818;4;Estratovolcan;F;F;Mexico (Mexico)
1854;3;Estratovolcan;T;F;Kuril Is (Russia)
1863;??;Estratovolcan;T;T;Vanuatu-SW Pacific (Vanuatu)
1872;4;Estratovolcan;F;F;Java (Indonesia)
1884;??;Caldera;T;F;Indonesia (Indonesia)
1888;3;Estratovolcan;T;F;New Guinea-NE of (Papua New Guinea)
1888;4;Estratovolcan;F;F;Honshu-Japan (Japan)
1913;2;Estratovolcan;F;F;Java (Indonesia)
1916;4;Estratovolcan;F;F;Ecuador (Ecuador)
1920;3;Estratovolcan;F;F;Java (Indonesia)
1946;2;Estratovolcan;F;F;Java (Indonesia)
1948;2;Volcan complejo;F;F;Lesser Sunda Is (Indonesia)
1950;3;Estratovolcan;F;F;Mindanao-Philippines (Philippines)
1950;2;Volcan complejo;F;F;Honshu-Japan (Japan)
1951;??;Estratovolcan;T;T;Nicaragua (Nicaragua)
1956;5;Estratovolcan;T;F;Kamchatka (Russia)
1958;2;Caldera;T;F;Vanuatu-SW Pacific (Vanuatu)
1967;3;Estratovolcan;F;F;Java (Indonesia)
1974;3;Estratovolcan;F;F;Kyushu-Japan (Japan)
1979;1;Volcan complejo;F;F;Java (Indonesia)
1984;3;Estratovolcan;F;F;Luzon-Philippines (Philippines)
1988;3;Caldera;F;F;Banda Sea (Pacific Ocean)
1993;1;Caldera;F;F;Indonesia (Indonesia)
1996;2;Estratovolcan;T;F;Kamchatka (Russia)
1997;??;Estratovolcan;T;F;W Indies (Montserrat)
2006;2;Estratovolcan;F;F;Luzon-Philippines (Philippines)
2007;4;Estratovolcan;F;F;New Guinea-NE of (Papua New Guinea)
2007;??;Estratovolcan;F;F;Red Sea (Yemen)
2011;??;Volcan en escudo;F;F;Kyushu-Japan (Japan)
2012;??;Volcan en escudo;F;F;Kamchatka (Russia)
2018;1;Volcan en escudo;T;T;Hawaiian Is (United States)
2020;??;Estratovolcan;T;T;Java (Indonesia)
-197;3;Volcan en escudo;T;T;Greece (Greece)
60;6;Estratovolcan;F;F;Alaska-E (United States)
1631;5;Volcan complejo;T;T;Italy (Italy)
1682;3;Volcan complejo;F;F;Italy (Italy)
1757;0;Respiradero de fisura;F;T;Azores (Portugal)
1812;4;Estratovolcan;F;F;W Indies (St. Vincent & the Grenadines)
1827;2;Estratovolcan;F;F;Kamchatka (Russia)
1846;2;Estratovolcan;F;F;Java (Indonesia)
1856;4;Estratovolcan;F;F;Hokkaido-Japan (Japan)
1883;4;Domo de lava;T;F;Alaska-SW (United States)
1914;4;Estratovolcan;T;T;Kyushu-Japan (Japan)
1919;3;Estratovolcan;T;F;Italy (Italy)
1927;1;Estratovolcan;F;F;Iceland-SE (Iceland)
1944;2;Volcan complejo;F;F;Italy (Italy)
1949;3;Estratovolcan;F;F;Mindanao-Philippines (Philippines)
1953;2;Volcan submarino;T;F;Izu Is-Japan (Japan)
1968;3;Estratovolcan;F;F;Costa Rica (Costa Rica)
1972;??;Volcan complejo;F;F;Honshu-Japan (Japan)
1981;2;Estratovolcan;F;F;Kuril Is (Russia)
1990;??;Estratovolcan;F;F;Java (Indonesia)
1997;3;Estratovolcan;F;F;W Indies (Montserrat)
2002;3;Estratovolcan;F;F;Java (Indonesia)
2006;3;Estratovolcan;F;F;Ecuador (Ecuador)
-3580;6;Estratovolcan;F;F;Luzon-Philippines (Philippines)
-2040;6;Volcan complejo;F;F;New Guinea-NE of (Papua New Guinea)
653;6;Caldera;F;F;New Britain-SW Pac (Papua New Guinea)
683;6;Escudo piroclastico;F;F;New Britain-SW Pac (Papua New Guinea)
950;??;Volcan subglacial;F;F;Iceland-S (Iceland)
1580;3;Respiradero de fisura;F;F;Azores (Portugal)
1581;4;Estratovolcan;F;F;Guatemala (Guatemala)
1608;3;Estratovolcan;T;F;Halmahera-Indonesia (Indonesia)
1625;5;Volcan subglacial;F;F;Iceland-S (Iceland)
1660;4;Estratovolcan;F;F;Banda Sea (Pacific Ocean)
1773;2;Estratovolcan;F;F;Halmahera-Indonesia (Indonesia)
1779;2;Volcan complejo;F;F;Italy (Italy)
1801;2;Estratovolcan;F;F;Honshu-Japan (Japan)
1804;3;Caldera;F;F;Hokkaido-Japan (Japan)
1820;2;Estratovolcan;T;T;Aleutian Is (United States)
1845;4;Estratovolcan;F;F;Iceland-S (Iceland)
1867;2;Volcan complejo;F;F;Honshu-Japan (Japan)
1870;2;Volcan en escudo;F;F;Vanuatu-SW Pacific (Vanuatu)
1910;??;Caldera;F;F;New Zealand (New Zealand)
1952;??;Volcan complejo;F;F;Honshu-Japan (Japan)
1953;2;Caldera;F;F;Kyushu-Japan (Japan)
1963;3;Estratovolcan;F;F;Costa Rica (Costa Rica)
1974;1;Estratovolcan;T;F;New Guinea-NE of (Papua New Guinea)
1986;2;Estratovolcan;F;F;Java (Indonesia)
1987;3;Volcan complejo;F;F;Guatemala (Guatemala)
1990;??;Escudo piroclastico;F;F;New Britain-SW Pac (Papua New Guinea)
1993;??;Estratovolcan;F;F;Luzon-Philippines (Philippines)
2000;2;Estratovolcan;T;T;Izu Is-Japan (Japan)
2006;1;Estratovolcan;F;F;Luzon-Philippines (Philippines)
2009;??;Estratovolcan;F;F;Alaska-SW (United States)
2016;??;Estratovolcan;F;F;Sumatra (Indonesia)
2018;??;Estratovolcan;F;F;Honshu-Japan (Japan)
2019;2;Estratovolcan;F;F;Italy (Italy)
-1860;6;Estratovolcan;F;F;US-Washington (United States)
230;6;Caldera;F;F;New Zealand (New Zealand)
1169;??;Estratovolcan;T;T;Italy (Italy)
1566;3;Volcan en escudo;F;F;Kyushu-Japan (Japan)
1597;4;Estratovolcan;F;F;Iceland-S (Iceland)
1640;3;Estratovolcan;F;F;Ecuador (Ecuador)
1650;4;Volcan en escudo;T;F;Greece (Greece)
1660;4;Volcan subglacial;F;F;Iceland-S (Iceland)
1672;3;Estratovolcan;F;F;Java (Indonesia)
1679;??;Volcan en escudo;F;T;Red Sea (Yemen)
1717;3;Volcan en escudo;F;F;Kyushu-Japan (Japan)
1741;4;Estratovolcan;T;F;Hokkaido-Japan (Japan)
1753;2;Caldera;F;F;Iceland-NE (Iceland)
1780;4;Estratovolcan;T;F;Kyushu-Japan (Japan)
1817;4;Estratovolcan;F;F;Java (Indonesia)
1833;2;Estratovolcan;F;F;Sumatra (Indonesia)
1841;2;Estratovolcan;F;F;Ryukyu Is (Japan)
1843;0;Estratovolcan;T;F;W Indies (St. Kitts & Nevis)
1871;2;Estratovolcan;T;F;Sangihe Is-Indonesia (Indonesia)
1899;2;Estratovolcan;F;F;New Guinea-NE of (Papua New Guinea)
1900;2;Volcan en escudo;F;F;Kyushu-Japan (Japan)
1928;3;Estratovolcan;F;F;Luzon-Philippines (Philippines)
1937;4;Escudo piroclastico;T;T;New Britain-SW Pac (Papua New Guinea)
1946;2;Estratovolcan;F;F;Kyushu-Japan (Japan)
1953;0;Volcan complejo;T;F;Admiralty Is-SW Paci (Papua New Guinea)
1976;3;Estratovolcan;F;F;Ecuador (Ecuador)
1977;3;Estratovolcan;F;F;Kamchatka (Russia)
1981;??;Estratovolcan;F;F;Luzon-Philippines (Philippines)
1992;1;Estratovolcan;F;F;Sangihe Is-Indonesia (Indonesia)
1994;3;Escudo piroclastico;T;F;New Britain-SW Pac (Papua New Guinea)
1997;2;Estratovolcan;F;F;Java (Indonesia)
2005;4;Estratovolcan;F;F;New Guinea-NE of (Papua New Guinea)
2006;??;Estratovolcan;F;F;Kermadec Is (New Zealand)
2014;??;Estratovolcan;F;F;Cape Verde Is (Cape Verde)
2015;2;Estratovolcan;F;F;New Guinea-NE of (Papua New Guinea)
1334;3;Estratovolcan;F;F;Java (Indonesia)
1564;3;Estratovolcan;F;F;Halmahera-Indonesia (Indonesia)
1711;3;Estratovolcan;F;F;Sangihe Is-Indonesia (Indonesia)
1873;??;Volcan complejo;F;F;Italy (Italy)
1877;4;Estratovolcan;F;F;Ecuador (Ecuador)
1892;3;Estratovolcan;T;F;Sangihe Is-Indonesia (Indonesia)
1895;2;Estratovolcan;F;F;Java (Indonesia)
1895;2;Estratovolcan;F;F;New Guinea-NE of (Papua New Guinea)
1902;??;Estratovolcan;T;F;W Indies (Martinique)
1904;2;Volcan en escudo;F;F;Indian O-W (Comoros)
1906;3;Volcan complejo;T;F;Italy (Italy)
1928;1;Estratovolcan;F;F;Italy (Italy)
1929;3;Estratovolcan;F;F;Chile-S (Chile)
1930;3;Estratovolcan;F;F;Java (Indonesia)
1933;3;Estratovolcan;T;F;Kuril Is (Russia)
1933;4;Estratovolcan;F;F;Ryukyu Is (Japan)
1950;1;Estratovolcan;F;F;Java (Indonesia)
1972;2;Volcan en escudo;F;F;Indian O-W (Reunion)
1978;3;Estratovolcan;F;F;Hokkaido-Japan (Japan)
1979;??;Volcan complejo;T;F;Lesser Sunda Is (Indonesia)
1996;??;Estratovolcan;F;F;Nicaragua (Nicaragua)
2002;4;Estratovolcan;F;F;Ecuador (Ecuador)
2011;4;Estratovolcan;F;F;Ecuador (Ecuador)
2016;??;Caldera;F;F;Kyushu-Japan (Japan)
-1010;5;Estratovolcan;F;F;Ecuador (Ecuador)
350;??;Domo de lava;F;F;Alaska-SW (United States)
1311;4;Volcan subglacial;F;F;Iceland-S (Iceland)
1587;4;Estratovolcan;F;F;Java (Indonesia)
1716;2;Estratovolcan;F;F;Java (Indonesia)
1729;1;Estratovolcan;F;F;Iceland-NE (Iceland)
1742;3;Estratovolcan;F;F;Ecuador (Ecuador)
1772;3;Estratovolcan;T;F;Halmahera-Indonesia (Indonesia)
1775;3;Estratovolcan;F;F;Sulawesi-Indonesia (Indonesia)
1840;3;Estratovolcan;F;F;Turkey (Turkey)
1871;3;Estratovolcan;F;F;Luzon-Philippines (Philippines)
1874;2;Estratovolcan;F;F;Luzon-Philippines (Philippines)
1883;6;Caldera;T;F;Indonesia (Indonesia)
1885;2;Estratovolcan;F;F;Java (Indonesia)
1919;0;Volcan en escudo;T;F;Hawaiian Is (United States)
1939;1;Volcan complejo;F;F;Java (Indonesia)
1952;2;Volcan submarino;T;F;Izu Is-Japan (Japan)
1952;1;Volcan compuesto;F;F;Luzon-Philippines (Philippines)
1961;3;Estratovolcan;F;F;Chile-S (Chile)
1978;3;Estratovolcan;F;F;Java (Indonesia)
1984;??;Maar;F;F;Africa-W (Cameroon)
1986;2;Estratovolcan;F;F;Italy (Italy)
1987;??;Volcan complejo;F;T;Lesser Sunda Is (Indonesia)
1993;??;Volcan en escudo;F;F;Hawaiian Is (United States)
1996;3;Estratovolcan;F;F;Mexico (Mexico)
2006;3;Estratovolcan;F;F;Ecuador (Ecuador)
2010;??;Estratovolcan;F;F;Sumatra (Indonesia)
2016;??;Caldera;F;F;US-Wyoming (United States)
50;6;Escudo piroclastico;F;F;Vanuatu-SW Pacific (Vanuatu)
590;??;Estratovolcan;F;F;El Salvador (El Salvador)
1302;??;Volcan complejo;F;F;Italy (Italy)
1568;3;Estratovolcan;F;F;Solomon Is-SW Pacifi (Solomon Is.)
1570;??;Estratovolcan;F;F;Nicaragua (Nicaragua)
1663;5;Estratovolcan;F;F;Hokkaido-Japan (Japan)
1693;??;Estratovolcan;F;T;Italy (Italy)
1755;4;Volcan subglacial;F;F;Iceland-S (Iceland)
1843;2;Estratovolcan;F;F;Java (Indonesia)
1872;3;Volcan complejo;F;F;Italy (Italy)
1878;2;Volcan en escudo;T;T;Aleutian Is (United States)
1913;3;Escudo piroclastico;F;F;Vanuatu-SW Pacific (Vanuatu)
1949;2;Estratovolcan;F;F;Colombia (Colombia)
1957;2;Caldera;F;F;Kyushu-Japan (Japan)
1963;3;Estratovolcan;F;F;Costa Rica (Costa Rica)
1971;3;Estratovolcan;F;F;Guatemala (Guatemala)
1992;3;Cono de ceniza;F;F;Nicaragua (Nicaragua)
1997;??;Estratovolcan;F;F;Honshu-Japan (Japan)
1997;??;Estratovolcan;F;F;Honshu-Japan (Japan)
1997;??;Caldera;F;F;Kyushu-Japan (Japan)
2004;1;Estratovolcan;F;F;Lesser Sunda Is (Indonesia)
2013;??;Estratovolcan;F;F;Lesser Sunda Is (Indonesia)
2013;??;Estratovolcan;F;F;Kyushu-Japan (Japan)
2015;??;Estratovolcan;F;F;Sangihe Is-Indonesia (Indonesia)
-1460;6;Caldera;F;F;New Zealand (New Zealand)
1000;7;Estratovolcan;F;F;China-E (North Korea)
1727;4;Estratovolcan;F;F;Iceland-SE (Iceland)
1826;3;Estratovolcan;F;F;Java (Indonesia)
1868;2;Volcan en escudo;T;T;Hawaiian Is (United States)
1869;2;Estratovolcan;F;F;Lesser Sunda Is (Indonesia)
1895;2;Caldera;F;F;New Britain-SW Pac (Papua New Guinea)
1900;2;Estratovolcan;F;F;Honshu-Japan (Japan)
1900;??;Cono de piedra plumez;F;F;Africa-NE (Ethiopia)
1902;2;Estratovolcan;F;F;Java (Indonesia)
1907;2;Estratovolcan;F;F;Lesser Sunda Is (Indonesia)
1913;2;Estratovolcan;T;T;Sangihe Is-Indonesia (Indonesia)
1930;3;Volcan complejo;F;F;Honshu-Japan (Japan)
1932;??;Estratovolcan;F;F;Java (Indonesia)
1938;1;Volcan en escudo;T;F;Africa-C (Congo, DRC)
1938;2;Estratovolcan;F;F;Luzon-Philippines (Philippines)
1954;??;Estratovolcan;F;F;Mindanao-Philippines (Philippines)
1958;2;Estratovolcan;F;F;Sulawesi-Indonesia (Indonesia)
1961;??;Estratovolcan;F;F;Honshu-Japan (Japan)
1964;2;Estratovolcan;F;F;Lesser Sunda Is (Indonesia)
1992;4;Estratovolcan;F;F;Alaska-SW (United States)
1995;??;Estratovolcan;F;F;Mindanao-Philippines (Philippines)
1998;??;Estratovolcan;F;F;Java (Indonesia)
2000;3;Estratovolcan;F;F;Costa Rica (Costa Rica)
2010;1;Volcan complejo;F;F;Guatemala (Guatemala)
2010;??;Estratovolcan;F;F;Java (Indonesia)
2011;??;Estratovolcan;F;F;Sulawesi-Indonesia (Indonesia)
2013;??;Estratovolcan;F;F;Java (Indonesia)
2016;??;Estratovolcan;F;F;Lesser Sunda Is (Indonesia)
2018;??;Volcan en escudo;F;F;Hawaiian Is (United States)
-4050;6;Caldera;F;F;Nicaragua (Nicaragua)
-2420;5;Volcan complejo;F;F;Italy (Italy)
79;5;Volcan complejo;T;T;Italy (Italy)
1375;5;Cono de toba;F;F;Mexico (Mexico)
1376;3;Estratovolcan;F;F;Java (Indonesia)
1538;3;Caldera;F;F;Italy (Italy)
1664;2;Volcan complejo;F;F;Kyushu-Japan (Japan)
1698;3;Estratovolcan;F;F;Ecuador (Ecuador)
1775;3;Estratovolcan;F;F;Halmahera-Indonesia (Indonesia)
1800;2;Estratovolcan;F;F;Luzon-Philippines (Philippines)
1822;4;Estratovolcan;F;F;Hokkaido-Japan (Japan)
1822;5;Estratovolcan;F;F;Java (Indonesia)
1840;2;Estratovolcan;T;F;Halmahera-Indonesia (Indonesia)
1874;3;Estratovolcan;F;F;Izu Is-Japan (Japan)
1911;??;Volcan de lodo;T;F;Trinidad (Trinidad)
1911;3;Estratovolcan;F;F;Java (Indonesia)
1916;3;Estratovolcan;T;F;Italy (Italy)
1928;2;Volcan complejo;F;F;Java (Indonesia)
1933;2;Estratovolcan;T;F;Luzon-Philippines (Philippines)
1944;2;Estratovolcan;F;F;Hokkaido-Japan (Japan)
1953;??;Estratovolcan;F;F;New Zealand (New Zealand)
1966;4;Estratovolcan;F;F;Java (Indonesia)
1966;4;Estratovolcan;F;F;Africa-E (Tanzania)
1969;??;Caldera;F;F;Honshu-Japan (Japan)
1971;3;Estratovolcan;F;F;Chile-S (Chile)
1973;2;Volcan complejo;F;F;Lesser Sunda Is (Indonesia)
1979;2;Estratovolcan;F;F;New Guinea-NE of (Papua New Guinea)
1981;2;Estratovolcan;F;F;Italy (Italy)
1982;5;Cono de toba;F;T;Mexico (Mexico)
1993;2;Volcan complejo;F;F;Colombia (Colombia)
2002;3;Estratovolcan;F;T;Italy (Italy)
2008;??;Estratovolcan;F;F;Colombia (Colombia)
2011;4;Estratovolcan;F;F;Chile-C (Chile)
2013;??;Domo de lava;F;F;New Zealand (New Zealand)
2014;3;Volcan complejo;F;F;Honshu-Japan (Japan)
2014;??;Estratovolcan;F;F;Halmahera-Indonesia (Indonesia)
2018;??;Estratovolcan;F;F;Luzon-Philippines (Philippines)
2018;4;Estratovolcan;F;F;New Guinea-NE of (Papua New Guinea)
-4360;6;Caldera;F;F;Kermadec Is (New Zealand)
-4000;6;Caldera;F;F;New Britain-SW Pac (Papua New Guinea)
-50;6;Escudo piroclastico;F;F;Nicaragua (Nicaragua)
46;3;Volcan en escudo;T;F;Greece (Greece)
500;??;campo volcanico;F;F;Arabia-S (Yemen)
787;3;Volcan complejo;F;F;Italy (Italy)
1536;3;Estratovolcan;F;F;Italy (Italy)
1690;??;Volcan complejo;T;F;Italy (Italy)
1726;1;Estratovolcan;F;F;Iceland-NE (Iceland)
1730;3;Estratovolcan;F;F;Java (Indonesia)
1742;3;Estratovolcan;F;F;Ecuador (Ecuador)
1749;3;Estratovolcan;T;T;Luzon-Philippines (Philippines)
1848;2;Estratovolcan;F;F;Java (Indonesia)
1861;3;Estratovolcan;F;T;Africa-NE (Eritrea)
1892;2;Caldera;T;F;Tonga-SW Pacific (Tonga)
1897;3;Estratovolcan;F;F;Luzon-Philippines (Philippines)
1902;??;Estratovolcan;T;F;W Indies (Martinique)
1912;3;Volcan en escudo;F;F;Africa-C (Congo, DRC)
1919;1;Estratovolcan;F;F;Mexico (Mexico)
1919;??;Volcan submarino;T;F;Sangihe Is-Indonesia (Indonesia)
1923;2;Volcanes submarinos;T;T;SE Asia (Vietnam)
1929;2;Estratovolcan;F;F;Italy (Italy)
1939;2;Estratovolcan;F;F;Izu Is-Japan (Japan)
1940;2;Estratovolcan;F;F;Sangihe Is-Indonesia (Indonesia)
1947;2;Volcan complejo;F;F;Honshu-Japan (Japan)
1957;2;Estratovolcan;F;F;Izu Is-Japan (Japan)
1979;2;Caldera;F;F;Kyushu-Japan (Japan)
1980;??;Estratovolcan;F;F;US-Oregon (United States)
1989;??;Volcan en escudo;F;F;Kyushu-Japan (Japan)
1994;1;Caldera;F;F;Kyushu-Japan (Japan)
2001;3;Estratovolcan;F;F;Italy (Italy)
2011;2;Estratovolcan;F;F;Luzon-Philippines (Philippines)
2014;??;Estratovolcan;F;F;Java (Indonesia)
-1370;6;Caldera;F;F;New Britain-SW Pac (Papua New Guinea)
710;6;Caldera;F;F;New Britain-SW Pac (Papua New Guinea)
1853;3;Estratovolcan;F;F;Luzon-Philippines (Philippines)
1872;4;Estratovolcan;F;F;Java (Indonesia)
1878;3;Estratovolcan;T;F;Vanuatu-SW Pacific (Vanuatu)
1905;2;Volcan en escudo;T;F;Samoa-SW Pacific (Samoa)
1918;4;Volcan subglacial;F;F;Iceland-S (Iceland)
1944;2;Estratovolcan;T;F;Italy (Italy)
1952;2;Volcan submarino;T;F;Izu Is-Japan (Japan)
1955;4;Cono piroclastico;F;F;Chile-C (Chile)
1961;3;Estratovolcan;F;F;Java (Indonesia)
1975;3;Estratovolcan;F;F;Costa Rica (Costa Rica)
1980;3;Estratovolcan;F;F;Iceland-S (Iceland)
1981;2;Estratovolcan;F;F;Lesser Sunda Is (Indonesia)
1988;??;Volcan complejo;F;F;Honshu-Japan (Japan)
1991;2;Volcan en escudo;F;F;Indian O-W (Comoros)
1994;3;Estratovolcan;F;F;Java (Indonesia)
1995;1;Estratovolcan;F;F;Honshu-Japan (Japan)
2002;??;Estratovolcan;T;F;Italy (Italy)
2003;3;Estratovolcan;T;F;W Indies (Montserrat)
2010;3;Estratovolcan;F;F;Ecuador (Ecuador)
2018;2;Estratovolcan;F;F;Guatemala (Guatemala)
-1050;6;Estratovolcan;F;F;Luzon-Philippines (Philippines)
764;4;Estratovolcan;F;F;Kyushu-Japan (Japan)
766;3;Estratovolcan;T;T;Kyushu-Japan (Japan)
1760;4;Estratovolcan;F;F;Halmahera-Indonesia (Indonesia)
1766;4;Estratovolcan;F;F;Iceland-S (Iceland)
1790;4;Volcan en escudo;F;F;Hawaiian Is (United States)
1803;2;Volcan complejo;F;F;Honshu-Japan (Japan)
1813;2;Volcan complejo;T;F;Italy (Italy)
1825;3;Estratovolcan;F;F;Aleutian Is (United States)
1869;2;Estratovolcan;F;F;Java (Indonesia)
1883;??;Caldera;T;F;Indonesia (Indonesia)
1900;2;Volcan complejo;F;F;Honshu-Japan (Japan)
1914;??;Estratovolcan;F;F;New Zealand (New Zealand)
1928;3;Estratovolcan;T;F;Lesser Sunda Is (Indonesia)
1952;2;Volcan submarino;T;F;Izu Is-Japan (Japan)
1953;0;Volcan complejo;F;F;Lesser Sunda Is (Indonesia)
1963;2;Estratovolcan;F;F;Chile-C (Chile)
1976;2;Estratovolcan;F;F;Java (Indonesia)
1977;3;Estratovolcan;F;F;Hokkaido-Japan (Japan)
1980;5;Estratovolcan;T;T;US-Washington (United States)
1981;??;Estratovolcan;F;F;Kamchatka (Russia)
1985;3;Estratovolcan;F;F;Colombia (Colombia)
1990;3;Estratovolcan;F;F;Kamchatka (Russia)
1990;3;Estratovolcan;F;F;Guatemala (Guatemala)
1995;3;Estratovolcan;F;F;Vanuatu-SW Pacific (Vanuatu)
2006;1;Estratovolcan;F;F;Java (Indonesia)
2010;2;Estratovolcan;F;F;Iceland-S (Iceland)
2010;3;Estratovolcan;F;F;Ecuador (Ecuador)
2011;??;Volcan subglacial;F;F;Iceland-S (Iceland)
2015;??;Estratovolcan;F;F;Sumatra (Indonesia)
2018;2;Escudo piroclastico;F;T;Vanuatu-SW Pacific (Vanuatu)
2019;4;Estratovolcan;F;F;New Guinea-NE of (Papua New Guinea)
-3550;6;Estratovolcan;F;F;Luzon-Philippines (Philippines)
1050;??;Volcan en escudo;T;F;Greece (Greece)
1177;3;Volcan subglacial;F;F;Iceland-S (Iceland)
1595;4;Estratovolcan;F;F;Colombia (Colombia)
1598;3;Caldera;F;F;Banda Sea (Pacific Ocean)
1638;4;Estratovolcan;F;F;Java (Indonesia)
1659;3;Estratovolcan;F;T;El Salvador (El Salvador)
1684;2;Caldera;F;F;Iceland-NE (Iceland)
1693;4;Estratovolcan;T;F;Iceland-S (Iceland)
1694;3;Caldera;F;F;Banda Sea (Pacific Ocean)
1794;3;Volcan complejo;F;F;Italy (Italy)
1800;1;Respiradero de fisura;F;F;Azores (Portugal)
1816;2;Caldera;F;F;Kyushu-Japan (Japan)
1817;2;Estratovolcan;F;F;Java (Indonesia)
1825;??;Estratovolcan;F;F;Bougainville-SW Paci (Papua New Guinea)
1846;1;Estratovolcan;F;F;Hokkaido-Japan (Japan)
1875;??;Estratovolcan;F;F;Luzon-Philippines (Philippines)
1889;2;Volcan submarino;T;T;Sangihe Is-Indonesia (Indonesia)
1912;6;Caldera;F;F;Alaska Peninsula (United States)
1953;??;Volcan complejo;F;F;Honshu-Japan (Japan)
1961;??;Estratovolcan;F;F;Hokkaido-Japan (Japan)
1964;1;Volcan complejo;F;F;Java (Indonesia)
1965;0;Volcan submarino;T;F;W Indies (Netherlands)
1971;2;Estratovolcan;T;F;Santa Cruz Is-SW Pac (Solomon Is.)
1976;2;Estratovolcan;F;F;Java (Indonesia)
1976;2;Estratovolcan;F;F;Sangihe Is-Indonesia (Indonesia)
1978;3;Estratovolcan;F;F;Guatemala (Guatemala)
1983;2;Estratovolcan;F;F;Kamchatka (Russia)
1986;3;Estratovolcan;F;F;Izu Is-Japan (Japan)
1992;2;Estratovolcan;F;F;Sangihe Is-Indonesia (Indonesia)
2002;3;Estratovolcan;F;F;Sangihe Is-Indonesia (Indonesia)
2013;3;Estratovolcan;F;F;Lesser Sunda Is (Indonesia)
2013;2;Estratovolcan;F;F;Sumatra (Indonesia)
2017;2;Estratovolcan;F;F;Sumatra (Indonesia)
2018;1;Caldera;T;F;Indonesia (Indonesia)
2019;??;Estratovolcan;F;F;New Britain-SW Pac (Papua New Guinea)
450;6;Caldera;F;F;El Salvador (El Salvador)
1565;3;Volcan complejo;F;T;Guatemala (Guatemala)
1716;3;Volcan en escudo;F;F;Kyushu-Japan (Japan)
1721;1;Volcan complejo;F;F;Honshu-Japan (Japan)
1762;2;Estratovolcan;F;F;Kamchatka (Russia)
1784;??;Estratovolcan;F;F;Peru (Peru)
1786;2;Volcan complejo;F;F;Java (Indonesia)
1800;??;Volcan complejo;F;F;Java (Indonesia)
1800;0;Volcan en escudo;F;F;Hawaiian Is (United States)
1839;2;Volcan submarino;T;F;Chile-Is (Chile)
1861;2;Caldera;F;F;Iceland-NE (Iceland)
1878;3;Escudo piroclastico;T;T;New Britain-SW Pac (Papua New Guinea)
1901;3;Estratovolcan;F;F;Java (Indonesia)
1911;3;Estratovolcan;T;T;Luzon-Philippines (Philippines)
1917;3;Estratovolcan;F;F;Africa-E (Tanzania)
1921;??;Estratovolcan;F;F;Honshu-Japan (Japan)
1933;??;Volcan complejo;F;F;Honshu-Japan (Japan)
1941;2;Estratovolcan;F;F;Java (Indonesia)
1944;2;Estratovolcan;F;F;Hokkaido-Japan (Japan)
1947;4;Estratovolcan;F;F;Iceland-S (Iceland)
1976;??;Estratovolcan;F;F;Honshu-Japan (Japan)
1979;2;Estratovolcan;F;F;Italy (Italy)
1982;4;Estratovolcan;F;F;Java (Indonesia)
1988;3;Estratovolcan;F;F;Costa Rica (Costa Rica)
2005;??;Volcan en escudo;F;F;Indian O-W (Comoros)
2010;??;Estratovolcan;F;F;Java (Indonesia)
200;??;campo volcanico;F;F;Arabia-S (Yemen)
640;2;campo volcanico;F;F;Arabia-W (Saudi Arabia)
1169;??;Estratovolcan;T;F;Italy (Italy)
1600;6;Estratovolcan;F;T;Peru (Peru)
1629;2;Caldera;F;F;Iceland-NE (Iceland)
1717;3;Estratovolcan;F;F;Iceland-NE (Iceland)
1778;4;Estratovolcan;F;F;Kuril Is (Russia)
1789;2;Estratovolcan;F;F;Izu Is-Japan (Japan)
1805;2;Volcan complejo;F;F;Italy (Italy)
1829;2;Volcan complejo;F;F;Java (Indonesia)
1837;??;Volcan complejo;T;T;Sumatra (Indonesia)
1853;2;Volcan submarino;T;F;Taiwan-E of (Taiwan)
1854;2;Caldera;F;F;Kyushu-Japan (Japan)
1860;2;Estratovolcan;F;F;Java (Indonesia)
1871;2;Estratovolcan;T;T;Mindanao-Philippines (Philippines)
1875;5;Estratovolcan;F;F;Iceland-NE (Iceland)
1886;4;Estratovolcan;F;F;Ecuador (Ecuador)
1886;2;Domo de lava;F;F;New Zealand (New Zealand)
1893;4;Estratovolcan;F;F;Chile-S (Chile)
1951;3;Estratovolcan;F;F;Mindanao-Philippines (Philippines)
1953;2;Volcan submarino;T;F;Izu Is-Japan (Japan)
1957;??;Volcan complejo;F;F;Kyushu-Japan (Japan)
1981;3;Estratovolcan;F;F;Java (Indonesia)
1993;??;Estratovolcan;F;F;Banda Sea (Indonesia)
1993;1;Estratovolcan;F;F;Luzon-Philippines (Philippines)
1996;2;Estratovolcan;F;F;Philippines-C (Philippines)
2013;??;Estratovolcan;F;F;Luzon-Philippines (Philippines)
2017;??;Estratovolcan;F;F;Italy (Italy)
2017;??;Volcan complejo;F;F;Java (Indonesia)
-141;??;Estratovolcan;F;F;Italy (Italy)
1262;3;Volcan subglacial;F;F;Iceland-S (Iceland)
1300;4;Estratovolcan;F;F;Iceland-S (Iceland)
1331;2;Caldera;F;F;Kyushu-Japan (Japan)
1714;??;Volcan complejo;T;F;Italy (Italy)
1907;??;Volcan en escudo;T;F;Samoa-SW Pacific (Samoa)
1911;2;Volcan complejo;F;F;Honshu-Japan (Japan)
1913;4;Estratovolcan;F;F;Mexico (Mexico)
1944;3;Estratovolcan;F;F;Aleutian Is (United States)
1952;2;Volcan submarino;T;F;Izu Is-Japan (Japan)
1960;3;Estratovolcan;T;T;Chile-C (Chile)
1971;2;Estratovolcan;F;F;Canary Is (Spain)
1972;1;Estratovolcan;T;F;New Guinea-NE of (Papua New Guinea)
1979;3;Estratovolcan;F;F;W Indies (St. Vincent & the Grenadines)
1983;3;Estratovolcan;F;T;Izu Is-Japan (Japan)
1984;3;Estratovolcan;F;F;Italy (Italy)
1990;2;Caldera;F;F;Kyushu-Japan (Japan)
1991;2;Estratovolcan;F;F;Italy (Italy)
1994;3;Estratovolcan;F;F;Java (Indonesia)
2007;??;Estratovolcan;F;F;Java (Indonesia)
2017;2;Estratovolcan;F;F;Guatemala (Guatemala)
2017;??;Volcan en escudo;F;F;Vanuatu-SW Pacific (Vanuatu)
2018;3;Volcan en escudo;F;F;Vanuatu-SW Pacific (Vanuatu)
2019;2;Estratovolcan;T;F;Italy (Italy)
-1550;??;Estratovolcan;F;F;Alaska-SW (United States)
-250;6;Estratovolcan;F;F;Kermadec Is (New Zealand)
1640;5;Estratovolcan;T;T;Hokkaido-Japan (Japan)
1785;3;Estratovolcan;F;F;Izu Is-Japan (Japan)
1812;3;Estratovolcan;F;F;Sangihe Is-Indonesia (Indonesia)
1853;0;Volcan en escudo;F;F;Tonga-SW Pacific (Tonga)
1892;2;Estratovolcan;F;F;Sumatra (Indonesia)
1917;3;Estratovolcan;F;F;Chile-S (Chile)
1938;1;Volcan complejo;F;F;Honshu-Japan (Japan)
1941;2;Volcan complejo;F;F;Honshu-Japan (Japan)
1943;4;Cono de ceniza;F;F;Mexico (Mexico)
1944;2;Volcan complejo;F;F;Java (Indonesia)
1953;1;Estratovolcan;F;F;Izu Is-Japan (Japan)
1973;??;Estratovolcan;F;F;Chile-S (Chile)
1990;2;Caldera;F;F;Kyushu-Japan (Japan)
1991;6;Estratovolcan;F;T;Luzon-Philippines (Philippines)
1992;1;Estratovolcan;F;F;Luzon-Philippines (Philippines)
1995;2;Estratovolcan;F;F;Cape Verde Is (Cape Verde)
1996;3;Estratovolcan;F;F;New Guinea-NE of (Papua New Guinea)
2000;??;Volcan en escudo;F;F;Hawaiian Is (United States)
2005;3;Estratovolcan;F;F;El Salvador (El Salvador)
2006;2;Estratovolcan;T;F;W Indies (Montserrat)
2015;??;Estratovolcan;F;F;Chile-S (Chile)
2017;??;Caldera;F;F;Italy (Italy)
2018;??;Estratovolcan;F;F;New Guinea-NE of (Papua New Guinea)
2018;??;Estratovolcan;F;F;Java (Indonesia)
-4350;7;Caldera;F;F;Ryukyu Is (Japan)
934;4;Volcan subglacial;F;F;Iceland-S (Iceland)
1250;??;Estratovolcan;F;F;Africa-NE (Ethiopia)
1389;3;Estratovolcan;F;F;Iceland-S (Iceland)
1471;5;Estratovolcan;F;F;Kyushu-Japan (Japan)
1500;4;Volcan subglacial;F;F;Iceland-S (Iceland)
1590;3;Estratovolcan;F;F;Mexico (Mexico)
1596;2;Volcan complejo;F;F;Honshu-Japan (Japan)
1606;2;Estratovolcan;T;F;Izu Is-Japan (Japan)
1712;2;Estratovolcan;F;F;Iceland-NE (Iceland)
1716;2;Estratovolcan;F;F;Iceland-NE (Iceland)
1737;2;Volcan complejo;F;F;Italy (Italy)
1779;4;Estratovolcan;F;F;Kyushu-Japan (Japan)
1783;4;Volcan complejo;F;F;Honshu-Japan (Japan)
1822;3;Estratovolcan;F;F;Java (Indonesia)
1840;3;Estratovolcan;F;F;Santa Cruz Is-SW Pac (Solomon Is.)
1845;2;Estratovolcan;T;T;Sulawesi-Indonesia (Indonesia)
1847;2;Estratovolcan;F;F;Cape Verde Is (Cape Verde)
1856;3;Estratovolcan;T;T;Sangihe Is-Indonesia (Indonesia)
1861;4;Estratovolcan;F;F;Halmahera-Indonesia (Indonesia)
1903;1;Domo de lava;F;F;New Zealand (New Zealand)
1951;??;Volcan complejo;F;F;Honshu-Japan (Japan)
1954;2;Estratovolcan;F;F;New Guinea-NE of (Papua New Guinea)
1958;??;Estratovolcan;F;F;Hokkaido-Japan (Japan)
1962;2;Estratovolcan;F;F;Halmahera-Indonesia (Indonesia)
1969;2;Estratovolcan;F;F;Java (Indonesia)
1973;3;Estratovolcan;F;F;Lesser Sunda Is (Indonesia)
1974;3;Estratovolcan;F;F;Kyushu-Japan (Japan)
1978;??;Estratovolcan;F;F;Java (Indonesia)
1983;4;Estratovolcan;F;F;Sulawesi-Indonesia (Indonesia)
1987;2;Estratovolcan;F;F;Italy (Italy)
1994;3;Estratovolcan;F;F;Lesser Sunda Is (Indonesia)
1996;3;Caldera;F;F;Iceland-NE (Iceland)
1997;3;Estratovolcan;F;F;W Indies (Montserrat)
1999;3;Estratovolcan;F;F;Ecuador (Ecuador)
2001;2;Estratovolcan;F;F;Java (Indonesia)
2002;1;Estratovolcan;F;F;Africa-C (Congo, DRC)
2011;??;Estratovolcan;F;F;Sangihe Is-Indonesia (Indonesia)
2012;??;Volcan en escudo;F;F;Hawaiian Is (United States)
2012;??;Volcan en escudo;F;F;Hawaiian Is (United States)
1631;??;Volcan en escudo;F;T;Africa-NE (Ethiopia)
1659;4;Estratovolcan;T;F;Banda Sea (Pacific Ocean)
1664;??;Volcan complejo;T;F;Ryukyu Is (Japan)
1707;??;Volcan en escudo;T;F;Greece (Greece)
1729;2;Caldera;F;F;Iceland-NE (Iceland)
1780;4;Estratovolcan;F;F;Kyushu-Japan (Japan)
1835;??;Caldera;F;T;Banda Sea (Pacific Ocean)
1843;??;Estratovolcan;T;F;W Indies (Guadeloupe)
1854;5;Estratovolcan;F;F;Kamchatka (Russia)
1856;??;Estratovolcan;T;F;Aleutian Is (United States)
1860;2;Estratovolcan;F;F;Guatemala (Guatemala)
1868;??;Estratovolcan;T;T;Italy (Italy)
1872;4;Estratovolcan;F;F;Java (Indonesia)
1875;0;Estratovolcan;F;F;Java (Indonesia)
1878;??;Estratovolcan;T;T;Vanuatu-SW Pacific (Vanuatu)
1909;2;Estratovolcan;F;T;Africa-W (Cameroon)
1914;3;Caldera;F;F;New Britain-SW Pac (Papua New Guinea)
1917;1;Domo de lava;F;F;New Zealand (New Zealand)
1930;2;Caldera;T;F;Indonesia (Indonesia)
1930;3;Estratovolcan;T;F;Italy (Italy)
1934;??;Estratovolcan;F;F;US-Oregon (United States)
1946;4;Estratovolcan;T;F;Kuril Is (Russia)
1954;??;Estratovolcan;T;F;Italy (Italy)
1955;3;Estratovolcan;F;F;Kyushu-Japan (Japan)
1962;??;Estratovolcan;F;F;Java (Indonesia)
1990;4;Estratovolcan;F;F;Java (Indonesia)
1993;1;Volcan complejo;F;F;Kyushu-Japan (Japan)
2010;3;Estratovolcan;F;F;Sangihe Is-Indonesia (Indonesia)
2014;??;Volcan en escudo;F;F;Hawaiian Is (United States)
2016;??;Estratovolcan;F;F;Sumatra (Indonesia)
2019;4;Estratovolcan;F;F;New Guinea-NE of (Papua New Guinea)
2019;??;Estratovolcan;F;F;Sumatra (Indonesia)
