Year,Volcanic Explosivity Index,Volcano Type,Flag Tsunami,Flag Earthquake,Name and country
1280,6.0,Caldera,False,False,Quilotoa (Ecuador)
1540,4.0,Domo de lava,True,False,Augustine (United States)
1660,6.0,Volcan complejo,True,False,Long Island (Papua New Guinea)
1858,¿?,Estratovolcan,False,True,Tate-yama (Japan)
1864,2.0,Estratovolcan,False,False,Kelut (Indonesia)
1873,2.0,Estratovolcan,False,False,Ragang (Philippines)
1902,3.0,Estratovolcan,False,False,Tori-shima (Japan)
1907,2.0,Volcan en escudo,False,False,Alayta (Ethiopia)
1909,2.0,Estratovolcan,False,False,Semeru (Indonesia)
1919,4.0,Estratovolcan,False,False,Kelut (Indonesia)
1919,¿?,Estratovolcan,False,False,Nasu (Japan)
1920,3.0,Estratovolcan,False,False,Izalco (El Salvador)
1938,¿?,Estratovolcan,False,False,Bandai (Japan)
1949,3.0,Estratovolcan,False,False,Villarrica (Chile)
1963,3.0,Estratovolcan,False,False,Fuego (Guatemala)
1968,3.0,Estratovolcan,False,False,Mayon (Philippines)
1985,3.0,Estratovolcan,False,False,Semeru (Indonesia)
1992,2.0,Volcan complejo,False,False,Marapi (Indonesia)
2001,2.0,Estratovolcan,False,False,Stromboli (Italy)
2004,4.0,Estratovolcan,False,False,Manam (Papua New Guinea)
2010,¿?,Estratovolcan,True,True,Sarigan (United States)
2018,2.0,Estratovolcan,False,True,Etna (Italy)
2020,¿?,Estratovolcan,False,False,Taal (Philippines)
1357,4.0,Volcan subglacial,False,False,Katla (Iceland)
1586,5.0,Estratovolcan,False,False,Kelut (Indonesia)
1730,¿?,Cono piroclastico,False,False,Tseax River Cone (Canada)
1823,0.0,Volcan en escudo,False,False,Kilauea (United States)
1832,3.0,Estratovolcan,False,False,Merapi (Indonesia)
1838,2.0,Estratovolcan,False,False,Gamalama (Indonesia)
1858,2.0,Estratovolcan,False,False,Mayon (Philippines)
1872,3.0,Caldera,False,False,Aso (Japan)
1879,2.0,Estratovolcan,True,False,Stromboli (Italy)
1893,2.0,Estratovolcan,False,False,Azuma (Japan)
1918,3.0,Volcan submarino,True,False,Banua Wuhu (Indonesia)
1940,2.0,Estratovolcan,False,False,Miyake-jima (Japan)
1966,3.0,Estratovolcan,True,False,Tinakula (Solomon Is.)
1970,3.0,Estratovolcan,False,False,Hekla (Iceland)
1974,4.0,Estratovolcan,False,False,Fuego (Guatemala)
1975,2.0,Volcan complejo,False,False,Marapi (Indonesia)
1977,1.0,Caldera,False,False,Krafla (Iceland)
1984,¿?,Volcan complejo,False,False,On-take (Japan)
1989,¿?,Caldera,False,False,Aso (Japan)
1991,¿?,Volcan complejo,False,False,Mutnovsky (Russia)
1991,5.0,Estratovolcan,False,False,"Hudson, Cerro (Chile)"
1992,¿?,Volcan complejo,False,False,Dieng Volc Complex (Indonesia)
1993,2.0,Estratovolcan,False,False,Mayon (Philippines)
1995,¿?,Volcan complejo,False,False,Kelimutu (Indonesia)
2015,¿?,Domo de lava,False,False,Okataina (New Zealand)
2018,¿?,Estratovolcan,True,False,Kadovar (Papua New Guinea)
-1750,6.0,Estratovolcan,False,False,Veniaminof (United States)
847,6.0,Estratovolcan,False,False,Bona-Churchill (United States)
930,6.0,Estratovolcan,False,False,Ceboruco (Mexico)
1158,4.0,Estratovolcan,False,False,Hekla (Iceland)
1329,1.0,Estratovolcan,False,False,Etna (Italy)
1510,4.0,Estratovolcan,False,False,Hekla (Iceland)
1615,3.0,Caldera,False,False,Banda Api (Pacific Ocean)
1617,3.0,Estratovolcan,False,False,Fuego (Guatemala)
1646,4.0,Estratovolcan,False,False,Makian (Indonesia)
1677,2.0,Estratovolcan,False,False,La Palma (Spain)
1784,0.0,Volcan en escudo,False,False,Hualalai (United States)
1800,5.0,Estratovolcan,False,False,St. Helens (United States)
1820,2.0,Caldera,False,False,Banda Api (Pacific Ocean)
1827,2.0,Estratovolcan,True,True,Avachinsky (Russia)
1843,2.0,Estratovolcan,False,False,Etna (Italy)
1847,2.0,Volcan complejo,False,False,Dieng Volc Complex (Indonesia)
1857,¿?,Volcan complejo,True,True,Umboi (Papua New Guinea)
1866,2.0,Volcan en escudo,True,False,Ofu-Olosega (United States)
1870,2.0,Estratovolcan,False,False,Ruang (Indonesia)
1870,3.0,Volcan complejo,False,False,Iliwerung (Indonesia)
1885,3.0,Estratovolcan,False,True,Purace (Colombia)
1897,2.0,Estratovolcan,True,False,Tinakula (Solomon Is.)
1902,4.0,Estratovolcan,True,False,Soufriere St. Vincent (St. Vincent & the Grenadines)
1903,¿?,Volcan en escudo,False,False,Karthala (Comoros)
1932,3.0,Estratovolcan,False,False,Kusatsu-Shirane (Japan)
1951,2.0,Volcan submarino,True,False,Kavachi (Solomon Is.)
1971,¿?,Estratovolcan,False,False,Kusatsu-Shirane (Japan)
1991,1.0,Estratovolcan,False,False,Lokon-Empung (Indonesia)
1995,3.0,Volcan complejo,False,False,Pacaya (Guatemala)
1998,¿?,Volcan en escudo,False,False,Kilauea (United States)
1999,2.0,Estratovolcan,False,False,Fuego (Guatemala)
2011,3.0,Estratovolcan,False,False,Gamalama (Indonesia)
2017,¿?,Estratovolcan,False,False,Sinabung (Indonesia)
-1890,6.0,Estratovolcan,False,False,"Hudson, Cerro (Chile)"
-455,4.0,Estratovolcan,False,False,Cotopaxi (Ecuador)
240,6.0,Estratovolcan,False,False,Ksudach (Russia)
1362,5.0,Estratovolcan,False,False,Oraefajokull (Iceland)
1385,3.0,Estratovolcan,False,False,Kelut (Indonesia)
1630,4.0,Estratovolcan,False,False,Furnas (Portugal)
1669,3.0,Estratovolcan,False,True,Etna (Italy)
1670,2.0,Volcan en escudo,False,False,Aoba (Vanuatu)
1690,3.0,Volcan complejo,False,False,Guntur (Indonesia)
1766,3.0,Estratovolcan,False,False,Mayon (Philippines)
1780,3.0,Estratovolcan,False,False,Aoga-shima (Japan)
1784,4.0,Caldera,False,False,Grimsvotn (Iceland)
1890,2.0,Estratovolcan,False,False,Victory (Papua New Guinea)
1913,1.0,Volcan complejo,False,False,Asama (Japan)
1926,3.0,Estratovolcan,False,False,Tokachi (Japan)
1932,4.0,Estratovolcan,False,False,Fuego (Guatemala)
1964,2.0,Estratovolcan,False,False,Villarrica (Chile)
1967,3.0,Caldera,True,False,Deception Island (Antarctica)
1974,2.0,Estratovolcan,False,False,Merapi (Indonesia)
1977,1.0,Estratovolcan,False,False,"Nyiragongo (Congo, DRC)"
1988,3.0,Estratovolcan,False,False,Lonquimay (Chile)
1991,1.0,Volcan complejo,False,False,Unzen (Japan)
1993,1.0,Estratovolcan,False,False,Guagua Pichincha (Ecuador)
2008,3.0,Estratovolcan,False,False,Tungurahua (Ecuador)
2011,3.0,Estratovolcan,False,False,Nabro (Eritrea)
2013,¿?,Estratovolcan,False,False,Ubinas (Peru)
2014,¿?,Estratovolcan,False,False,Sinabung (Indonesia)
2015,¿?,Estratovolcan,False,False,Sinabung (Indonesia)
416,¿?,Caldera,True,False,Krakatau (Indonesia)
1311,3.0,Estratovolcan,False,False,Kelut (Indonesia)
1410,3.0,Estratovolcan,False,False,Nasu (Japan)
1672,2.0,Estratovolcan,False,False,Fayal (Portugal)
1780,¿?,Estratovolcan,True,False,Sakura-jima (Japan)
1800,2.0,Estratovolcan,False,False,Kieyo (Tanzania)
1803,2.0,Volcan complejo,False,False,Asama (Japan)
1894,3.0,Escudo piroclastico,False,False,Ambrym (Vanuatu)
1910,2.0,Estratovolcan,False,False,Usu (Japan)
1911,2.0,Volcan complejo,False,False,Asama (Japan)
1917,3.0,Estratovolcan,False,True,San Salvador (El Salvador)
1923,¿?,Estratovolcan,False,False,Tangkubanparahu (Indonesia)
1923,2.0,Volcan en escudo,False,False,Kirishima (Japan)
1929,4.0,Estratovolcan,False,False,Komaga-take (Japan)
1929,3.0,Estratovolcan,False,False,Santa Maria (Guatemala)
1939,1.0,Volcan submarino,True,False,Kick-'em-Jenny (Netherlands)
1951,3.0,Estratovolcan,False,False,Kelut (Indonesia)
1966,4.0,Estratovolcan,False,False,Awu (Indonesia)
1971,2.0,Estratovolcan,False,False,Villarrica (Chile)
1974,2.0,Domo de lava,False,False,Niigata-Yake-yama (Japan)
1977,0.0,Volcan en escudo,False,False,Karthala (Comoros)
1978,2.0,Estratovolcan,False,False,Bulusan (Philippines)
1982,5.0,Cono de toba,False,False,"Chichon, El (Mexico)"
1986,¿?,Volcan complejo,False,False,Akita-Yake-yama (Japan)
2001,2.0,Estratovolcan,False,False,Etna (Italy)
2018,1.0,Volcan en escudo,False,False,Kilauea (United States)
-1645,6.0,Caldera,False,False,Aniakchak (United States)
1636,3.0,Estratovolcan,False,False,Hekla (Iceland)
1669,3.0,Estratovolcan,False,False,Etna (Italy)
1698,3.0,Volcan complejo,True,False,Vesuvius (Italy)
1706,2.0,Estratovolcan,True,False,Tenerife (Spain)
1707,4.0,Estratovolcan,False,True,Fuji (Japan)
1826,2.0,Volcan complejo,False,False,Dieng Volc Complex (Indonesia)
1832,2.0,Estratovolcan,False,False,Etna (Italy)
1835,5.0,Estratovolcan,False,False,Cosiguina (Nicaragua)
1860,¿?,Caldera,False,False,Grimsvotn (Iceland)
1871,2.0,Estratovolcan,False,False,Gamalama (Indonesia)
1872,4.0,Estratovolcan,False,False,Sinarka (Russia)
1899,4.0,Estratovolcan,False,False,Dona Juana (Colombia)
1905,2.0,Volcan complejo,False,False,Vesuvius (Italy)
1924,2.0,Volcan en escudo,False,False,Kilauea (United States)
1931,3.0,Volcan complejo,False,False,Asama (Japan)
1947,2.0,Estratovolcan,False,False,Mayon (Philippines)
1957,2.0,Estratovolcan,False,True,Vsevidof (United States)
1963,2.0,Caldera,False,False,Batur (Indonesia)
1967,3.0,Estratovolcan,False,False,"Lengai, Ol Doinyo (Tanzania)"
1969,3.0,Estratovolcan,False,False,Iya (Indonesia)
1988,3.0,Estratovolcan,False,False,Semeru (Indonesia)
1990,2.0,Caldera,False,False,Aso (Japan)
1994,¿?,Estratovolcan,False,True,Huila (Colombia)
1999,4.0,Estratovolcan,False,False,Shiveluch (Russia)
1999,3.0,Estratovolcan,False,False,Tungurahua (Ecuador)
2019,2.0,Estratovolcan,False,False,White Island (New Zealand)
920,4.0,Volcan subglacial,False,False,Katla (Iceland)
1104,5.0,Estratovolcan,False,False,Hekla (Iceland)
1151,1.0,Filas de crateres,False,False,Krisuvik (Iceland)
1206,2.0,Estratovolcan,False,False,Hekla (Iceland)
1329,3.0,Estratovolcan,True,True,Etna (Italy)
1485,2.0,Caldera,False,False,Aso (Japan)
1550,3.0,Volcan complejo,False,False,Dukono (Indonesia)
1576,3.0,Estratovolcan,False,False,Colima (Mexico)
1580,4.0,Volcan subglacial,False,False,Katla (Iceland)
1598,2.0,Volcan complejo,False,False,Asama (Japan)
1730,2.0,Respiradero de fisura,False,False,Lanzarote (Spain)
1772,3.0,Estratovolcan,False,False,Papandayan (Indonesia)
1781,4.0,Estratovolcan,True,False,Sakura-jima (Japan)
1826,2.0,Caldera,False,False,Aso (Japan)
1840,0.0,Volcan en escudo,True,False,Kilauea (United States)
1840,3.0,Estratovolcan,False,False,Savo (Solomon Is.)
1850,2.0,Escudo piroclastico,False,False,Rabaul (Papua New Guinea)
1858,¿?,Estratovolcan,False,False,Tate-yama (Japan)
1883,2.0,Volcan en escudo,False,False,Karthala (Comoros)
1887,3.0,Estratovolcan,False,False,Mayon (Philippines)
1890,2.0,Estratovolcan,False,False,Makian (Indonesia)
1902,4.0,Estratovolcan,True,False,Pelee (Martinique)
1902,6.0,Estratovolcan,False,False,Santa Maria (Guatemala)
1936,3.0,Volcan complejo,False,False,Asama (Japan)
1937,2.0,Estratovolcan,False,False,Llaima (Chile)
1943,3.0,Volcan en escudo,False,False,"Azul, Cerro (Ecuador)"
1951,4.0,Estratovolcan,False,False,Lamington (Papua New Guinea)
1970,¿?,Caldera,False,False,Campi Flegrei (Italy)
1981,3.0,Estratovolcan,False,False,Semeru (Indonesia)
1983,1.0,Volcan complejo,True,False,Iliwerung (Indonesia)
1985,1.0,Estratovolcan,False,False,Etna (Italy)
1990,3.0,Estratovolcan,False,False,Sabancaya (Peru)
1990,¿?,Estratovolcan,False,False,"Nyiragongo (Congo, DRC)"
1997,3.0,Estratovolcan,False,False,Semeru (Indonesia)
1999,3.0,Estratovolcan,True,False,Soufriere Hills (Montserrat)
2000,2.0,Estratovolcan,False,False,Merapi (Indonesia)
1593,5.0,Estratovolcan,False,False,Raung (Indonesia)
1609,¿?,Cono piroclastico,False,False,Tengchong (China)
1692,4.0,Estratovolcan,False,False,Serua (Pacific Ocean)
1718,2.0,Estratovolcan,False,False,Pico (Portugal)
1846,¿?,Caldera,False,False,Taupo (New Zealand)
1866,2.0,Volcan en escudo,False,False,Santorini (Greece)
1877,0.0,Volcan en escudo,True,True,Mauna Loa (United States)
1883,3.0,Cono de lava,False,False,Bagana (Papua New Guinea)
1886,4.0,Volcan en escudo,False,False,Niuafo'ou (Tonga)
1896,2.0,Volcan en escudo,False,False,Kirishima (Japan)
1902,4.0,Estratovolcan,True,False,Pelee (Martinique)
1914,¿?,Volcan en escudo,False,False,Aoba (Vanuatu)
1923,1.0,Estratovolcan,False,False,Papandayan (Indonesia)
1928,2.0,Volcan en escudo,False,False,Santorini (Greece)
1947,¿?,Estratovolcan,False,False,Akagi (Japan)
1963,5.0,Estratovolcan,True,False,Agung (Indonesia)
1963,2.0,Estratovolcan,False,False,Semeru (Indonesia)
1965,4.0,Estratovolcan,True,False,Taal (Philippines)
1973,3.0,Volcan submarino,False,False,Vestmannaeyjar (Iceland)
1974,3.0,Estratovolcan,False,False,Karangetang [Api Siau] (Indonesia)
1975,0.0,Volcan en escudo,True,True,Kilauea (United States)
1982,5.0,Cono de toba,False,False,"Chichon, El (Mexico)"
1986,3.0,Maar,False,False,Oku Volc Field (Cameroon)
1992,3.0,Estratovolcan,False,False,Semeru (Indonesia)
1994,3.0,Estratovolcan,False,False,Yasur (Vanuatu)
1998,¿?,Estratovolcan,False,False,San Cristobal (Nicaragua)
2004,2.0,Estratovolcan,False,False,Tengger Caldera (Indonesia)
2007,¿?,Estratovolcan,False,False,Huila (Colombia)
2008,¿?,Caldera,False,False,Chaiten (Chile)
2008,3.0,Estratovolcan,True,False,Kasatochi (United States)
2017,¿?,Estratovolcan,False,False,Merapi (Indonesia)
-1610,7.0,Volcan en escudo,True,True,Santorini (Greece)
-150,¿?,Volcan complejo,False,False,St. Andrew Strait (Papua New Guinea)
-100,6.0,Volcan en escudo,False,False,Okmok (United States)
1341,3.0,Estratovolcan,False,False,Hekla (Iceland)
1430,¿?,Caldera,False,False,Kuwae (Vanuatu)
1510,4.0,Estratovolcan,False,False,Hekla (Iceland)
1580,6.0,Escudo piroclastico,False,False,Billy Mitchell (Papua New Guinea)
1698,3.0,Estratovolcan,False,False,Cereme (Indonesia)
1716,4.0,Estratovolcan,True,True,Taal (Philippines)
1717,3.0,Estratovolcan,False,False,Fuego (Guatemala)
1721,5.0,Volcan subglacial,False,False,Katla (Iceland)
1819,¿?,Estratovolcan,True,False,Asuncion (United States)
1845,3.0,Estratovolcan,False,False,Ruiz (Colombia)
1895,2.0,Volcan en escudo,False,False,Kirishima (Japan)
1901,¿?,Estratovolcan,True,True,Epi (Vanuatu)
1907,0.0,Volcan submarino,True,True,Unnamed (Tonga)
1928,¿?,Caldera,True,False,Krakatau (Indonesia)
1940,2.0,Estratovolcan,False,False,"Lengai, Ol Doinyo (Tanzania)"
1946,2.0,Estratovolcan,False,False,Semeru (Indonesia)
1953,3.0,Estratovolcan,False,False,Merapi (Indonesia)
1954,¿?,Estratovolcan,False,False,Tate-yama (Japan)
1961,2.0,Volcan complejo,False,False,Asama (Japan)
1962,3.0,Estratovolcan,False,False,Tokachi (Japan)
1963,3.0,Estratovolcan,False,True,Agung (Indonesia)
1969,2.0,Volcan compuesto,True,False,Didicas (Philippines)
1997,1.0,Estratovolcan,False,False,Karangetang [Api Siau] (Indonesia)
2000,3.0,Estratovolcan,False,False,Semeru (Indonesia)
2009,¿?,Volcan en escudo,False,False,Kilauea (United States)
2011,¿?,Estratovolcan,False,False,Merapi (Indonesia)
-1900,6.0,Estratovolcan,False,False,Black Peak (United States)
1477,6.0,Estratovolcan,False,False,Bardarbunga (Iceland)
1597,3.0,Estratovolcan,False,False,Raung (Indonesia)
1673,5.0,Estratovolcan,True,False,Gamkonora (Indonesia)
1754,4.0,Estratovolcan,True,True,Taal (Philippines)
1768,4.0,Estratovolcan,False,False,Cotopaxi (Ecuador)
1792,2.0,Volcan complejo,True,True,Unzen (Japan)
1814,4.0,Estratovolcan,False,False,Mayon (Philippines)
1815,7.0,Estratovolcan,True,False,Tambora (Indonesia)
1818,4.0,Estratovolcan,False,False,Colima (Mexico)
1854,3.0,Estratovolcan,True,False,Alaid (Russia)
1863,¿?,Estratovolcan,True,True,Yasur (Vanuatu)
1872,4.0,Estratovolcan,False,False,Merapi (Indonesia)
1884,¿?,Caldera,True,False,Krakatau (Indonesia)
1888,3.0,Estratovolcan,True,False,Ritter Island (Papua New Guinea)
1888,4.0,Estratovolcan,False,False,Bandai (Japan)
1913,2.0,Estratovolcan,False,False,Semeru (Indonesia)
1916,4.0,Estratovolcan,False,False,Tungurahua (Ecuador)
1920,3.0,Estratovolcan,False,False,Merapi (Indonesia)
1946,2.0,Estratovolcan,False,False,Semeru (Indonesia)
1948,2.0,Volcan complejo,False,False,Iliwerung (Indonesia)
1950,3.0,Estratovolcan,False,False,Camiguin (Philippines)
1950,2.0,Volcan complejo,False,False,Asama (Japan)
1951,¿?,Estratovolcan,True,True,Cosiguina (Nicaragua)
1956,5.0,Estratovolcan,True,False,Bezymianny (Russia)
1958,2.0,Caldera,True,False,Kuwae (Vanuatu)
1967,3.0,Estratovolcan,False,False,Semeru (Indonesia)
1974,3.0,Estratovolcan,False,False,Sakura-jima (Japan)
1979,1.0,Volcan complejo,False,False,Dieng Volc Complex (Indonesia)
1984,3.0,Estratovolcan,False,False,Mayon (Philippines)
1988,3.0,Caldera,False,False,Banda Api (Pacific Ocean)
1993,1.0,Caldera,False,False,Krakatau (Indonesia)
1996,2.0,Estratovolcan,True,False,Karymsky (Russia)
1997,¿?,Estratovolcan,True,False,Soufriere Hills (Montserrat)
2006,2.0,Estratovolcan,False,False,Bulusan (Philippines)
2007,4.0,Estratovolcan,False,False,Manam (Papua New Guinea)
2007,¿?,Estratovolcan,False,False,"Tair, Jebel at (Yemen)"
2011,¿?,Volcan en escudo,False,False,Kirishima (Japan)
2012,¿?,Volcan en escudo,False,False,Tolbachik (Russia)
2018,1.0,Volcan en escudo,True,True,Kilauea (United States)
2020,¿?,Estratovolcan,True,True,Ijen (Indonesia)
-197,3.0,Volcan en escudo,True,True,Santorini (Greece)
60,6.0,Estratovolcan,False,False,Bona-Churchill (United States)
1631,5.0,Volcan complejo,True,True,Vesuvius (Italy)
1682,3.0,Volcan complejo,False,False,Vesuvius (Italy)
1757,0.0,Respiradero de fisura,False,True,San Jorge (Portugal)
1812,4.0,Estratovolcan,False,False,Soufriere St. Vincent (St. Vincent & the Grenadines)
1827,2.0,Estratovolcan,False,False,Avachinsky (Russia)
1846,2.0,Estratovolcan,False,False,Tangkubanparahu (Indonesia)
1856,4.0,Estratovolcan,False,False,Komaga-take (Japan)
1883,4.0,Domo de lava,True,False,Augustine (United States)
1914,4.0,Estratovolcan,True,True,Sakura-jima (Japan)
1919,3.0,Estratovolcan,True,False,Stromboli (Italy)
1927,1.0,Estratovolcan,False,False,Esjufjoll (Iceland)
1944,2.0,Volcan complejo,False,False,Vesuvius (Italy)
1949,3.0,Estratovolcan,False,False,Camiguin (Philippines)
1953,2.0,Volcan submarino,True,False,Myojun Knoll (Japan)
1968,3.0,Estratovolcan,False,False,Arenal (Costa Rica)
1972,¿?,Volcan complejo,False,False,Hakone (Japan)
1981,2.0,Estratovolcan,False,False,Alaid (Russia)
1990,¿?,Estratovolcan,False,False,Kelut (Indonesia)
1997,3.0,Estratovolcan,False,False,Soufriere Hills (Montserrat)
2002,3.0,Estratovolcan,False,False,Semeru (Indonesia)
2006,3.0,Estratovolcan,False,False,Tungurahua (Ecuador)
-3580,6.0,Estratovolcan,False,False,Taal (Philippines)
-2040,6.0,Volcan complejo,False,False,Long Island (Papua New Guinea)
653,6.0,Caldera,False,False,Dakataua (Papua New Guinea)
683,6.0,Escudo piroclastico,False,False,Rabaul (Papua New Guinea)
950,¿?,Volcan subglacial,False,False,Katla (Iceland)
1580,3.0,Respiradero de fisura,False,False,San Jorge (Portugal)
1581,4.0,Estratovolcan,False,False,Fuego (Guatemala)
1608,3.0,Estratovolcan,True,False,Gamalama (Indonesia)
1625,5.0,Volcan subglacial,False,False,Katla (Iceland)
1660,4.0,Estratovolcan,False,False,Teon (Pacific Ocean)
1773,2.0,Estratovolcan,False,False,Gamalama (Indonesia)
1779,2.0,Volcan complejo,False,False,Vesuvius (Italy)
1801,2.0,Estratovolcan,False,False,Chokai (Japan)
1804,3.0,Caldera,False,False,Shikotsu (Japan)
1820,2.0,Estratovolcan,True,True,Westdahl (United States)
1845,4.0,Estratovolcan,False,False,Hekla (Iceland)
1867,2.0,Volcan complejo,False,False,Zao (Japan)
1870,2.0,Volcan en escudo,False,False,Aoba (Vanuatu)
1910,¿?,Caldera,False,False,Taupo (New Zealand)
1952,¿?,Volcan complejo,False,False,Hakone (Japan)
1953,2.0,Caldera,False,False,Aso (Japan)
1963,3.0,Estratovolcan,False,False,Irazu (Costa Rica)
1974,1.0,Estratovolcan,True,False,Ritter Island (Papua New Guinea)
1986,2.0,Estratovolcan,False,False,Merapi (Indonesia)
1987,3.0,Volcan complejo,False,False,Pacaya (Guatemala)
1990,¿?,Escudo piroclastico,False,False,Rabaul (Papua New Guinea)
1993,¿?,Estratovolcan,False,False,Pinatubo (Philippines)
2000,2.0,Estratovolcan,True,True,Miyake-jima (Japan)
2006,1.0,Estratovolcan,False,False,Mayon (Philippines)
2009,¿?,Estratovolcan,False,False,Redoubt (United States)
2016,¿?,Estratovolcan,False,False,Sinabung (Indonesia)
2018,¿?,Estratovolcan,False,False,Kusatsu-Shirane (Japan)
2019,2.0,Estratovolcan,False,False,Stromboli (Italy)
-1860,6.0,Estratovolcan,False,False,St. Helens (United States)
230,6.0,Caldera,False,False,Taupo (New Zealand)
1169,¿?,Estratovolcan,True,True,Etna (Italy)
1566,3.0,Volcan en escudo,False,False,Kirishima (Japan)
1597,4.0,Estratovolcan,False,False,Hekla (Iceland)
1640,3.0,Estratovolcan,False,False,Tungurahua (Ecuador)
1650,4.0,Volcan en escudo,True,False,Santorini (Greece)
1660,4.0,Volcan subglacial,False,False,Katla (Iceland)
1672,3.0,Estratovolcan,False,False,Merapi (Indonesia)
1679,¿?,Volcan en escudo,False,True,Zukur (Yemen)
1717,3.0,Volcan en escudo,False,False,Kirishima (Japan)
1741,4.0,Estratovolcan,True,False,Oshima-Oshima (Japan)
1753,2.0,Caldera,False,False,Grimsvotn (Iceland)
1780,4.0,Estratovolcan,True,False,Sakura-jima (Japan)
1817,4.0,Estratovolcan,False,False,Raung (Indonesia)
1833,2.0,Estratovolcan,False,False,Kaba (Indonesia)
1841,2.0,Estratovolcan,False,False,Kuchinoerabu-jima (Japan)
1843,0.0,Estratovolcan,True,False,Liamuiga (St. Kitts & Nevis)
1871,2.0,Estratovolcan,True,False,Ruang (Indonesia)
1899,2.0,Estratovolcan,False,False,Manam (Papua New Guinea)
1900,2.0,Volcan en escudo,False,False,Kirishima (Japan)
1928,3.0,Estratovolcan,False,False,Mayon (Philippines)
1937,4.0,Escudo piroclastico,True,True,Rabaul (Papua New Guinea)
1946,2.0,Estratovolcan,False,False,Sakura-jima (Japan)
1953,0.0,Volcan complejo,True,False,St. Andrew Strait (Papua New Guinea)
1976,3.0,Estratovolcan,False,False,Sangay (Ecuador)
1977,3.0,Estratovolcan,False,False,Kliuchevskoi (Russia)
1981,¿?,Estratovolcan,False,False,Mayon (Philippines)
1992,1.0,Estratovolcan,False,False,Karangetang [Api Siau] (Indonesia)
1994,3.0,Escudo piroclastico,True,False,Rabaul (Papua New Guinea)
1997,2.0,Estratovolcan,False,False,Merapi (Indonesia)
2005,4.0,Estratovolcan,False,False,Manam (Papua New Guinea)
2006,¿?,Estratovolcan,False,False,Raoul Island (New Zealand)
2014,¿?,Estratovolcan,False,False,Fogo (Cape Verde)
2015,2.0,Estratovolcan,False,False,Manam (Papua New Guinea)
1334,3.0,Estratovolcan,False,False,Kelut (Indonesia)
1564,3.0,Estratovolcan,False,False,Gamkonora (Indonesia)
1711,3.0,Estratovolcan,False,False,Awu (Indonesia)
1873,¿?,Volcan complejo,False,False,Vesuvius (Italy)
1877,4.0,Estratovolcan,False,False,Cotopaxi (Ecuador)
1892,3.0,Estratovolcan,True,False,Awu (Indonesia)
1895,2.0,Estratovolcan,False,False,Semeru (Indonesia)
1895,2.0,Estratovolcan,False,False,Karkar (Papua New Guinea)
1902,¿?,Estratovolcan,True,False,Pelee (Martinique)
1904,2.0,Volcan en escudo,False,False,Karthala (Comoros)
1906,3.0,Volcan complejo,True,False,Vesuvius (Italy)
1928,1.0,Estratovolcan,False,False,Etna (Italy)
1929,3.0,Estratovolcan,False,False,Calbuco (Chile)
1930,3.0,Estratovolcan,False,False,Merapi (Indonesia)
1933,3.0,Estratovolcan,True,False,Kharimkotan (Russia)
1933,4.0,Estratovolcan,False,False,Kuchinoerabu-jima (Japan)
1950,1.0,Estratovolcan,False,False,Semeru (Indonesia)
1972,2.0,Volcan en escudo,False,False,"Fournaise, Piton de la (Reunion)"
1978,3.0,Estratovolcan,False,False,Usu (Japan)
1979,¿?,Volcan complejo,True,False,Iliwerung (Indonesia)
1996,¿?,Estratovolcan,False,False,Maderas (Nicaragua)
2002,4.0,Estratovolcan,False,False,Reventador (Ecuador)
2011,4.0,Estratovolcan,False,False,Tungurahua (Ecuador)
2016,¿?,Caldera,False,False,Aso (Japan)
-1010,5.0,Estratovolcan,False,False,Tungurahua (Ecuador)
350,¿?,Domo de lava,False,False,Augustine (United States)
1311,4.0,Volcan subglacial,False,False,Katla (Iceland)
1587,4.0,Estratovolcan,False,False,Merapi (Indonesia)
1716,2.0,Estratovolcan,False,False,Kelut (Indonesia)
1729,1.0,Estratovolcan,False,False,Bardarbunga (Iceland)
1742,3.0,Estratovolcan,False,False,Cotopaxi (Ecuador)
1772,3.0,Estratovolcan,True,False,Gamalama (Indonesia)
1775,3.0,Estratovolcan,False,False,Lokon-Empung (Indonesia)
1840,3.0,Estratovolcan,False,False,Ararat (Turkey)
1871,3.0,Estratovolcan,False,False,Mayon (Philippines)
1874,2.0,Estratovolcan,False,False,Taal (Philippines)
1883,6.0,Caldera,True,False,Krakatau (Indonesia)
1885,2.0,Estratovolcan,False,False,Semeru (Indonesia)
1919,0.0,Volcan en escudo,True,False,Mauna Loa (United States)
1939,1.0,Volcan complejo,False,False,Dieng Volc Complex (Indonesia)
1952,2.0,Volcan submarino,True,False,Myojun Knoll (Japan)
1952,1.0,Volcan compuesto,False,False,Ambalatungan Group (Philippines)
1961,3.0,Estratovolcan,False,False,Calbuco (Chile)
1978,3.0,Estratovolcan,False,False,Semeru (Indonesia)
1984,¿?,Maar,False,False,Oku Volc Field (Cameroon)
1986,2.0,Estratovolcan,False,False,Stromboli (Italy)
1987,¿?,Volcan complejo,False,True,Sirung (Indonesia)
1993,¿?,Volcan en escudo,False,False,Kilauea (United States)
1996,3.0,Estratovolcan,False,False,Popocatepetl (Mexico)
2006,3.0,Estratovolcan,False,False,Tungurahua (Ecuador)
2010,¿?,Estratovolcan,False,False,Sinabung (Indonesia)
2016,¿?,Caldera,False,False,Yellowstone (United States)
50,6.0,Escudo piroclastico,False,False,Ambrym (Vanuatu)
590,¿?,Estratovolcan,False,False,San Salvador (El Salvador)
1302,¿?,Volcan complejo,False,False,Ischia (Italy)
1568,3.0,Estratovolcan,False,False,Savo (Solomon Is.)
1570,¿?,Estratovolcan,False,False,Mombacho (Nicaragua)
1663,5.0,Estratovolcan,False,False,Usu (Japan)
1693,¿?,Estratovolcan,False,True,Etna (Italy)
1755,4.0,Volcan subglacial,False,False,Katla (Iceland)
1843,2.0,Estratovolcan,False,False,Lamongan (Indonesia)
1872,3.0,Volcan complejo,False,False,Vesuvius (Italy)
1878,2.0,Volcan en escudo,True,True,Okmok (United States)
1913,3.0,Escudo piroclastico,False,False,Ambrym (Vanuatu)
1949,2.0,Estratovolcan,False,False,Purace (Colombia)
1957,2.0,Caldera,False,False,Aso (Japan)
1963,3.0,Estratovolcan,False,False,Irazu (Costa Rica)
1971,3.0,Estratovolcan,False,False,Fuego (Guatemala)
1992,3.0,Cono de ceniza,False,False,"Negro, Cerro (Nicaragua)"
1997,¿?,Estratovolcan,False,False,Hakkoda Group (Japan)
1997,¿?,Estratovolcan,False,False,Adatara (Japan)
1997,¿?,Caldera,False,False,Aso (Japan)
2004,1.0,Estratovolcan,False,False,Egon (Indonesia)
2013,¿?,Estratovolcan,False,False,Paluweh (Indonesia)
2013,¿?,Estratovolcan,False,False,Sakura-jima (Japan)
2015,¿?,Estratovolcan,False,False,Karangetang [Api Siau] (Indonesia)
-1460,6.0,Caldera,False,False,Taupo (New Zealand)
1000,7.0,Estratovolcan,False,False,Changbaishan (North Korea)
1727,4.0,Estratovolcan,False,False,Oraefajokull (Iceland)
1826,3.0,Estratovolcan,False,False,Kelut (Indonesia)
1868,2.0,Volcan en escudo,True,True,Mauna Loa (United States)
1869,2.0,Estratovolcan,False,False,Lewotobi (Indonesia)
1895,2.0,Caldera,False,False,Dakataua (Papua New Guinea)
1900,2.0,Estratovolcan,False,False,Adatara (Japan)
1900,¿?,Cono de piedra plumez,False,False,Tullu Moje (Ethiopia)
1902,2.0,Estratovolcan,False,False,Merapi (Indonesia)
1907,2.0,Estratovolcan,False,False,Lewotobi (Indonesia)
1913,2.0,Estratovolcan,True,True,Awu (Indonesia)
1930,3.0,Volcan complejo,False,False,Asama (Japan)
1932,¿?,Estratovolcan,False,False,Merapi (Indonesia)
1938,1.0,Volcan en escudo,True,False,"Nyamuragira (Congo, DRC)"
1938,2.0,Estratovolcan,False,False,Mayon (Philippines)
1954,¿?,Estratovolcan,False,False,Camiguin (Philippines)
1958,2.0,Estratovolcan,False,False,Mahawu (Indonesia)
1961,¿?,Estratovolcan,False,False,Tate-yama (Japan)
1964,2.0,Estratovolcan,False,False,Paluweh (Indonesia)
1992,4.0,Estratovolcan,False,False,Spurr (United States)
1995,¿?,Estratovolcan,False,False,Parker (Philippines)
1998,¿?,Estratovolcan,False,False,Kelut (Indonesia)
2000,3.0,Estratovolcan,False,False,Arenal (Costa Rica)
2010,1.0,Volcan complejo,False,False,Pacaya (Guatemala)
2010,¿?,Estratovolcan,False,False,Merapi (Indonesia)
2011,¿?,Estratovolcan,False,False,Lokon-Empung (Indonesia)
2013,¿?,Estratovolcan,False,False,Merapi (Indonesia)
2016,¿?,Estratovolcan,False,False,Rinjani (Indonesia)
2018,¿?,Volcan en escudo,False,False,Kilauea (United States)
-4050,6.0,Caldera,False,False,Masaya (Nicaragua)
-2420,5.0,Volcan complejo,False,False,Vesuvius (Italy)
79,5.0,Volcan complejo,True,True,Vesuvius (Italy)
1375,5.0,Cono de toba,False,False,"Chichon, El (Mexico)"
1376,3.0,Estratovolcan,False,False,Kelut (Indonesia)
1538,3.0,Caldera,False,False,Campi Flegrei (Italy)
1664,2.0,Volcan complejo,False,False,Unzen (Japan)
1698,3.0,Estratovolcan,False,False,Cotopaxi (Ecuador)
1775,3.0,Estratovolcan,False,False,Gamalama (Indonesia)
1800,2.0,Estratovolcan,False,False,Mayon (Philippines)
1822,4.0,Estratovolcan,False,False,Usu (Japan)
1822,5.0,Estratovolcan,False,False,Galunggung (Indonesia)
1840,2.0,Estratovolcan,True,False,Gamalama (Indonesia)
1874,3.0,Estratovolcan,False,False,Miyake-jima (Japan)
1911,¿?,Volcan de lodo,True,False,Piparo (Trinidad)
1911,3.0,Estratovolcan,False,False,Semeru (Indonesia)
1916,3.0,Estratovolcan,True,False,Stromboli (Italy)
1928,2.0,Volcan complejo,False,False,Dieng Volc Complex (Indonesia)
1933,2.0,Estratovolcan,True,False,Bulusan (Philippines)
1944,2.0,Estratovolcan,False,False,Usu (Japan)
1953,¿?,Estratovolcan,False,False,Ruapehu (New Zealand)
1966,4.0,Estratovolcan,False,False,Kelut (Indonesia)
1966,4.0,Estratovolcan,False,False,"Lengai, Ol Doinyo (Tanzania)"
1969,¿?,Caldera,False,False,Narugo (Japan)
1971,3.0,Estratovolcan,False,False,"Hudson, Cerro (Chile)"
1973,2.0,Volcan complejo,False,False,Iliwerung (Indonesia)
1979,2.0,Estratovolcan,False,False,Karkar (Papua New Guinea)
1981,2.0,Estratovolcan,False,False,Etna (Italy)
1982,5.0,Cono de toba,False,True,"Chichon, El (Mexico)"
1993,2.0,Volcan complejo,False,False,Galeras (Colombia)
2002,3.0,Estratovolcan,False,True,Etna (Italy)
2008,¿?,Estratovolcan,False,False,Huila (Colombia)
2011,4.0,Estratovolcan,False,False,Puyehue (Chile)
2013,¿?,Domo de lava,False,False,Okataina (New Zealand)
2014,3.0,Volcan complejo,False,False,On-take (Japan)
2014,¿?,Estratovolcan,False,False,Gamalama (Indonesia)
2018,¿?,Estratovolcan,False,False,Mayon (Philippines)
2018,4.0,Estratovolcan,False,False,Manam (Papua New Guinea)
-4360,6.0,Caldera,False,False,Macauley Island (New Zealand)
-4000,6.0,Caldera,False,False,Pago (Papua New Guinea)
-50,6.0,Escudo piroclastico,False,False,Apoyeque (Nicaragua)
46,3.0,Volcan en escudo,True,False,Santorini (Greece)
500,¿?,campo volcanico,False,False,"Arhab, Harra of (Yemen)"
787,3.0,Volcan complejo,False,False,Vesuvius (Italy)
1536,3.0,Estratovolcan,False,False,Etna (Italy)
1690,¿?,Volcan complejo,True,False,Vesuvius (Italy)
1726,1.0,Estratovolcan,False,False,Bardarbunga (Iceland)
1730,3.0,Estratovolcan,False,False,Raung (Indonesia)
1742,3.0,Estratovolcan,False,False,Cotopaxi (Ecuador)
1749,3.0,Estratovolcan,True,True,Taal (Philippines)
1848,2.0,Estratovolcan,False,False,Kelut (Indonesia)
1861,3.0,Estratovolcan,False,True,Dubbi (Eritrea)
1892,2.0,Caldera,True,False,Tofua (Tonga)
1897,3.0,Estratovolcan,False,False,Mayon (Philippines)
1902,¿?,Estratovolcan,True,False,Pelee (Martinique)
1912,3.0,Volcan en escudo,False,False,"Nyamuragira (Congo, DRC)"
1919,1.0,Estratovolcan,False,False,Popocatepetl (Mexico)
1919,¿?,Volcan submarino,True,False,Banua Wuhu (Indonesia)
1923,2.0,Volcanes submarinos,True,True,"Cendres, Ile des (Vietnam)"
1929,2.0,Estratovolcan,False,False,Etna (Italy)
1939,2.0,Estratovolcan,False,False,Tori-shima (Japan)
1940,2.0,Estratovolcan,False,False,Karangetang [Api Siau] (Indonesia)
1947,2.0,Volcan complejo,False,False,Asama (Japan)
1957,2.0,Estratovolcan,False,False,Oshima (Japan)
1979,2.0,Caldera,False,False,Aso (Japan)
1980,¿?,Estratovolcan,False,False,Hood (United States)
1989,¿?,Volcan en escudo,False,False,Kirishima (Japan)
1994,1.0,Caldera,False,False,Aso (Japan)
2001,3.0,Estratovolcan,False,False,Etna (Italy)
2011,2.0,Estratovolcan,False,False,Bulusan (Philippines)
2014,¿?,Estratovolcan,False,False,Kelut (Indonesia)
-1370,6.0,Caldera,False,False,Pago (Papua New Guinea)
710,6.0,Caldera,False,False,Pago (Papua New Guinea)
1853,3.0,Estratovolcan,False,False,Mayon (Philippines)
1872,4.0,Estratovolcan,False,False,Merapi (Indonesia)
1878,3.0,Estratovolcan,True,False,Yasur (Vanuatu)
1905,2.0,Volcan en escudo,True,False,Savai'i (Samoa)
1918,4.0,Volcan subglacial,False,False,Katla (Iceland)
1944,2.0,Estratovolcan,True,False,Stromboli (Italy)
1952,2.0,Volcan submarino,True,False,Myojun Knoll (Japan)
1955,4.0,Cono piroclastico,False,False,Carran-Los Venados (Chile)
1961,3.0,Estratovolcan,False,False,Merapi (Indonesia)
1975,3.0,Estratovolcan,False,False,Arenal (Costa Rica)
1980,3.0,Estratovolcan,False,False,Hekla (Iceland)
1981,2.0,Estratovolcan,False,False,Paluweh (Indonesia)
1988,¿?,Volcan complejo,False,False,Akita-Yake-yama (Japan)
1991,2.0,Volcan en escudo,False,False,Karthala (Comoros)
1994,3.0,Estratovolcan,False,False,Merapi (Indonesia)
1995,1.0,Estratovolcan,False,False,Yake-dake (Japan)
2002,¿?,Estratovolcan,True,False,Stromboli (Italy)
2003,3.0,Estratovolcan,True,False,Soufriere Hills (Montserrat)
2010,3.0,Estratovolcan,False,False,Tungurahua (Ecuador)
2018,2.0,Estratovolcan,False,False,Fuego (Guatemala)
-1050,6.0,Estratovolcan,False,False,Pinatubo (Philippines)
764,4.0,Estratovolcan,False,False,Sakura-jima (Japan)
766,3.0,Estratovolcan,True,True,Sakura-jima (Japan)
1760,4.0,Estratovolcan,False,False,Makian (Indonesia)
1766,4.0,Estratovolcan,False,False,Hekla (Iceland)
1790,4.0,Volcan en escudo,False,False,Kilauea (United States)
1803,2.0,Volcan complejo,False,False,Asama (Japan)
1813,2.0,Volcan complejo,True,False,Vesuvius (Italy)
1825,3.0,Estratovolcan,False,False,Shishaldin (United States)
1869,2.0,Estratovolcan,False,False,Lamongan (Indonesia)
1883,¿?,Caldera,True,False,Krakatau (Indonesia)
1900,2.0,Volcan complejo,False,False,Asama (Japan)
1914,¿?,Estratovolcan,False,False,White Island (New Zealand)
1928,3.0,Estratovolcan,True,False,Paluweh (Indonesia)
1952,2.0,Volcan submarino,True,False,Myojun Knoll (Japan)
1953,0.0,Volcan complejo,False,False,Sirung (Indonesia)
1963,2.0,Estratovolcan,False,False,Villarrica (Chile)
1976,2.0,Estratovolcan,False,False,Merapi (Indonesia)
1977,3.0,Estratovolcan,False,False,Usu (Japan)
1980,5.0,Estratovolcan,True,True,St. Helens (United States)
1981,¿?,Estratovolcan,False,False,Vilyuchik (Russia)
1985,3.0,Estratovolcan,False,False,Ruiz (Colombia)
1990,3.0,Estratovolcan,False,False,Shiveluch (Russia)
1990,3.0,Estratovolcan,False,False,Santa Maria (Guatemala)
1995,3.0,Estratovolcan,False,False,Yasur (Vanuatu)
2006,1.0,Estratovolcan,False,False,Merapi (Indonesia)
2010,2.0,Estratovolcan,False,False,Eyjafjallajokull (Iceland)
2010,3.0,Estratovolcan,False,False,Tungurahua (Ecuador)
2011,¿?,Volcan subglacial,False,False,Katla (Iceland)
2015,¿?,Estratovolcan,False,False,Sinabung (Indonesia)
2018,2.0,Escudo piroclastico,False,True,Ambrym (Vanuatu)
2019,4.0,Estratovolcan,False,False,Manam (Papua New Guinea)
-3550,6.0,Estratovolcan,False,False,Pinatubo (Philippines)
1050,¿?,Volcan en escudo,True,False,Santorini (Greece)
1177,3.0,Volcan subglacial,False,False,Katla (Iceland)
1595,4.0,Estratovolcan,False,False,Ruiz (Colombia)
1598,3.0,Caldera,False,False,Banda Api (Pacific Ocean)
1638,4.0,Estratovolcan,False,False,Raung (Indonesia)
1659,3.0,Estratovolcan,False,True,San Salvador (El Salvador)
1684,2.0,Caldera,False,False,Grimsvotn (Iceland)
1693,4.0,Estratovolcan,True,False,Hekla (Iceland)
1694,3.0,Caldera,False,False,Banda Api (Pacific Ocean)
1794,3.0,Volcan complejo,False,False,Vesuvius (Italy)
1800,1.0,Respiradero de fisura,False,False,San Jorge (Portugal)
1816,2.0,Caldera,False,False,Aso (Japan)
1817,2.0,Estratovolcan,False,False,Ijen (Indonesia)
1825,¿?,Estratovolcan,False,False,Balbi (Papua New Guinea)
1846,1.0,Estratovolcan,False,False,E-san (Japan)
1875,¿?,Estratovolcan,False,False,Mayon (Philippines)
1889,2.0,Volcan submarino,True,True,Banua Wuhu (Indonesia)
1912,6.0,Caldera,False,False,Novarupta (United States)
1953,¿?,Volcan complejo,False,False,Hakone (Japan)
1961,¿?,Estratovolcan,False,False,Daisetsu (Japan)
1964,1.0,Volcan complejo,False,False,Dieng Volc Complex (Indonesia)
1965,0.0,Volcan submarino,True,False,Kick-'em-Jenny (Netherlands)
1971,2.0,Estratovolcan,True,False,Tinakula (Solomon Is.)
1976,2.0,Estratovolcan,False,False,Semeru (Indonesia)
1976,2.0,Estratovolcan,False,False,Karangetang [Api Siau] (Indonesia)
1978,3.0,Estratovolcan,False,False,Santa Maria (Guatemala)
1983,2.0,Estratovolcan,False,False,Kliuchevskoi (Russia)
1986,3.0,Estratovolcan,False,False,Oshima (Japan)
1992,2.0,Estratovolcan,False,False,Karangetang [Api Siau] (Indonesia)
2002,3.0,Estratovolcan,False,False,Karangetang [Api Siau] (Indonesia)
2013,3.0,Estratovolcan,False,False,Paluweh (Indonesia)
2013,2.0,Estratovolcan,False,False,Sinabung (Indonesia)
2017,2.0,Estratovolcan,False,False,Sinabung (Indonesia)
2018,1.0,Caldera,True,False,Krakatau (Indonesia)
2019,¿?,Estratovolcan,False,False,Ulawun (Papua New Guinea)
450,6.0,Caldera,False,False,Ilopango (El Salvador)
1565,3.0,Volcan complejo,False,True,Pacaya (Guatemala)
1716,3.0,Volcan en escudo,False,False,Kirishima (Japan)
1721,1.0,Volcan complejo,False,False,Asama (Japan)
1762,2.0,Estratovolcan,False,False,Kliuchevskoi (Russia)
1784,¿?,Estratovolcan,False,False,Sabancaya (Peru)
1786,2.0,Volcan complejo,False,False,Dieng Volc Complex (Indonesia)
1800,¿?,Volcan complejo,False,False,Guntur (Indonesia)
1800,0.0,Volcan en escudo,False,False,Hualalai (United States)
1839,2.0,Volcan submarino,True,False,Unnamed (Chile)
1861,2.0,Caldera,False,False,Grimsvotn (Iceland)
1878,3.0,Escudo piroclastico,True,True,Rabaul (Papua New Guinea)
1901,3.0,Estratovolcan,False,False,Kelut (Indonesia)
1911,3.0,Estratovolcan,True,True,Taal (Philippines)
1917,3.0,Estratovolcan,False,False,"Lengai, Ol Doinyo (Tanzania)"
1921,¿?,Estratovolcan,False,False,Nasu (Japan)
1933,¿?,Volcan complejo,False,False,Hakone (Japan)
1941,2.0,Estratovolcan,False,False,Semeru (Indonesia)
1944,2.0,Estratovolcan,False,False,Usu (Japan)
1947,4.0,Estratovolcan,False,False,Hekla (Iceland)
1976,¿?,Estratovolcan,False,False,Kusatsu-Shirane (Japan)
1979,2.0,Estratovolcan,False,False,Etna (Italy)
1982,4.0,Estratovolcan,False,False,Galunggung (Indonesia)
1988,3.0,Estratovolcan,False,False,Arenal (Costa Rica)
2005,¿?,Volcan en escudo,False,False,Karthala (Comoros)
2010,¿?,Estratovolcan,False,False,Tengger Caldera (Indonesia)
200,¿?,campo volcanico,False,False,"Arhab, Harra of (Yemen)"
640,2.0,campo volcanico,False,False,"Uwayrid, Harrat (Saudi Arabia)"
1169,¿?,Estratovolcan,True,False,Etna (Italy)
1600,6.0,Estratovolcan,False,True,Huaynaputina (Peru)
1629,2.0,Caldera,False,False,Grimsvotn (Iceland)
1717,3.0,Estratovolcan,False,False,Bardarbunga (Iceland)
1778,4.0,Estratovolcan,False,False,Raikoke (Russia)
1789,2.0,Estratovolcan,False,False,Oshima (Japan)
1805,2.0,Volcan complejo,False,False,Vesuvius (Italy)
1829,2.0,Volcan complejo,False,False,Guntur (Indonesia)
1837,¿?,Volcan complejo,True,True,Peuet Sague (Indonesia)
1853,2.0,Volcan submarino,True,False,Unnamed (Taiwan)
1854,2.0,Caldera,False,False,Aso (Japan)
1860,2.0,Estratovolcan,False,False,Semeru (Indonesia)
1871,2.0,Estratovolcan,True,True,Camiguin (Philippines)
1875,5.0,Estratovolcan,False,False,Askja (Iceland)
1886,4.0,Estratovolcan,False,False,Tungurahua (Ecuador)
1886,2.0,Domo de lava,False,False,Okataina (New Zealand)
1893,4.0,Estratovolcan,False,False,Calbuco (Chile)
1951,3.0,Estratovolcan,False,False,Camiguin (Philippines)
1953,2.0,Volcan submarino,True,False,Myojun Knoll (Japan)
1957,¿?,Volcan complejo,False,False,Unzen (Japan)
1981,3.0,Estratovolcan,False,False,Semeru (Indonesia)
1993,¿?,Estratovolcan,False,False,Wurlali (Indonesia)
1993,1.0,Estratovolcan,False,False,Pinatubo (Philippines)
1996,2.0,Estratovolcan,False,False,Kanlaon (Philippines)
2013,¿?,Estratovolcan,False,False,Mayon (Philippines)
2017,¿?,Estratovolcan,False,False,Etna (Italy)
2017,¿?,Volcan complejo,False,False,Dieng Volc Complex (Indonesia)
-141,¿?,Estratovolcan,False,False,Etna (Italy)
1262,3.0,Volcan subglacial,False,False,Katla (Iceland)
1300,4.0,Estratovolcan,False,False,Hekla (Iceland)
1331,2.0,Caldera,False,False,Aso (Japan)
1714,¿?,Volcan complejo,True,False,Vesuvius (Italy)
1907,¿?,Volcan en escudo,True,False,Savai'i (Samoa)
1911,2.0,Volcan complejo,False,False,Asama (Japan)
1913,4.0,Estratovolcan,False,False,Colima (Mexico)
1944,3.0,Estratovolcan,False,False,Cleveland (United States)
1952,2.0,Volcan submarino,True,False,Myojun Knoll (Japan)
1960,3.0,Estratovolcan,True,True,Puyehue (Chile)
1971,2.0,Estratovolcan,False,False,La Palma (Spain)
1972,1.0,Estratovolcan,True,False,Ritter Island (Papua New Guinea)
1979,3.0,Estratovolcan,False,False,Soufriere St. Vincent (St. Vincent & the Grenadines)
1983,3.0,Estratovolcan,False,True,Miyake-jima (Japan)
1984,3.0,Estratovolcan,False,False,Etna (Italy)
1990,2.0,Caldera,False,False,Aso (Japan)
1991,2.0,Estratovolcan,False,False,Etna (Italy)
1994,3.0,Estratovolcan,False,False,Semeru (Indonesia)
2007,¿?,Estratovolcan,False,False,Salak (Indonesia)
2017,2.0,Estratovolcan,False,False,Fuego (Guatemala)
2017,¿?,Volcan en escudo,False,False,Aoba (Vanuatu)
2018,3.0,Volcan en escudo,False,False,Aoba (Vanuatu)
2019,2.0,Estratovolcan,True,False,Stromboli (Italy)
-1550,¿?,Estratovolcan,False,False,Redoubt (United States)
-250,6.0,Estratovolcan,False,False,Raoul Island (New Zealand)
1640,5.0,Estratovolcan,True,True,Komaga-take (Japan)
1785,3.0,Estratovolcan,False,False,Aoga-shima (Japan)
1812,3.0,Estratovolcan,False,False,Awu (Indonesia)
1853,0.0,Volcan en escudo,False,False,Niuafo'ou (Tonga)
1892,2.0,Estratovolcan,False,False,Sorikmarapi (Indonesia)
1917,3.0,Estratovolcan,False,False,Calbuco (Chile)
1938,1.0,Volcan complejo,False,False,Asama (Japan)
1941,2.0,Volcan complejo,False,False,Asama (Japan)
1943,4.0,Cono de ceniza,False,False,Michoacan-Guanajuato (Mexico)
1944,2.0,Volcan complejo,False,False,Dieng Volc Complex (Indonesia)
1953,1.0,Estratovolcan,False,False,Oshima (Japan)
1973,¿?,Estratovolcan,False,False,"Hudson, Cerro (Chile)"
1990,2.0,Caldera,False,False,Aso (Japan)
1991,6.0,Estratovolcan,False,True,Pinatubo (Philippines)
1992,1.0,Estratovolcan,False,False,Pinatubo (Philippines)
1995,2.0,Estratovolcan,False,False,Fogo (Cape Verde)
1996,3.0,Estratovolcan,False,False,Manam (Papua New Guinea)
2000,¿?,Volcan en escudo,False,False,Kilauea (United States)
2005,3.0,Estratovolcan,False,False,Santa Ana (El Salvador)
2006,2.0,Estratovolcan,True,False,Soufriere Hills (Montserrat)
2015,¿?,Estratovolcan,False,False,Calbuco (Chile)
2017,¿?,Caldera,False,False,Campi Flegrei (Italy)
2018,¿?,Estratovolcan,False,False,Kadovar (Papua New Guinea)
2018,¿?,Estratovolcan,False,False,Ijen (Indonesia)
-4350,7.0,Caldera,False,False,Kikai (Japan)
934,4.0,Volcan subglacial,False,False,Katla (Iceland)
1250,¿?,Estratovolcan,False,False,Fentale (Ethiopia)
1389,3.0,Estratovolcan,False,False,Hekla (Iceland)
1471,5.0,Estratovolcan,False,False,Sakura-jima (Japan)
1500,4.0,Volcan subglacial,False,False,Katla (Iceland)
1590,3.0,Estratovolcan,False,False,Colima (Mexico)
1596,2.0,Volcan complejo,False,False,Asama (Japan)
1606,2.0,Estratovolcan,True,False,Hachijo-jima (Japan)
1712,2.0,Estratovolcan,False,False,Bardarbunga (Iceland)
1716,2.0,Estratovolcan,False,False,Bardarbunga (Iceland)
1737,2.0,Volcan complejo,False,False,Vesuvius (Italy)
1779,4.0,Estratovolcan,False,False,Sakura-jima (Japan)
1783,4.0,Volcan complejo,False,False,Asama (Japan)
1822,3.0,Estratovolcan,False,False,Merapi (Indonesia)
1840,3.0,Estratovolcan,False,False,Tinakula (Solomon Is.)
1845,2.0,Estratovolcan,True,True,Soputan (Indonesia)
1847,2.0,Estratovolcan,False,False,Fogo (Cape Verde)
1856,3.0,Estratovolcan,True,True,Awu (Indonesia)
1861,4.0,Estratovolcan,False,False,Makian (Indonesia)
1903,1.0,Domo de lava,False,False,Okataina (New Zealand)
1951,¿?,Volcan complejo,False,False,Hakone (Japan)
1954,2.0,Estratovolcan,False,False,Bam (Papua New Guinea)
1958,¿?,Estratovolcan,False,False,Daisetsu (Japan)
1962,2.0,Estratovolcan,False,False,Gamalama (Indonesia)
1969,2.0,Estratovolcan,False,False,Merapi (Indonesia)
1973,3.0,Estratovolcan,False,False,Paluweh (Indonesia)
1974,3.0,Estratovolcan,False,False,Sakura-jima (Japan)
1978,¿?,Estratovolcan,False,False,Tangkubanparahu (Indonesia)
1983,4.0,Estratovolcan,False,False,Colo [Una Una] (Indonesia)
1987,2.0,Estratovolcan,False,False,Etna (Italy)
1994,3.0,Estratovolcan,False,False,Rinjani (Indonesia)
1996,3.0,Caldera,False,False,Grimsvotn (Iceland)
1997,3.0,Estratovolcan,False,False,Soufriere Hills (Montserrat)
1999,3.0,Estratovolcan,False,False,Guagua Pichincha (Ecuador)
2001,2.0,Estratovolcan,False,False,Merapi (Indonesia)
2002,1.0,Estratovolcan,False,False,"Nyiragongo (Congo, DRC)"
2011,¿?,Estratovolcan,False,False,Karangetang [Api Siau] (Indonesia)
2012,¿?,Volcan en escudo,False,False,Kilauea (United States)
2012,¿?,Volcan en escudo,False,False,Kilauea (United States)
1631,¿?,Volcan en escudo,False,True,Dama Ali (Ethiopia)
1659,4.0,Estratovolcan,True,False,Teon (Pacific Ocean)
1664,¿?,Volcan complejo,True,False,Iwo-Tori-shima (Japan)
1707,¿?,Volcan en escudo,True,False,Santorini (Greece)
1729,2.0,Caldera,False,False,Krafla (Iceland)
1780,4.0,Estratovolcan,False,False,Sakura-jima (Japan)
1835,¿?,Caldera,False,True,Banda Api (Pacific Ocean)
1843,¿?,Estratovolcan,True,False,Soufriere Guadeloupe (Guadeloupe)
1854,5.0,Estratovolcan,False,False,Shiveluch (Russia)
1856,¿?,Estratovolcan,True,False,Shishaldin (United States)
1860,2.0,Estratovolcan,False,False,Fuego (Guatemala)
1868,¿?,Estratovolcan,True,True,Etna (Italy)
1872,4.0,Estratovolcan,False,False,Merapi (Indonesia)
1875,0.0,Estratovolcan,False,False,Kelut (Indonesia)
1878,¿?,Estratovolcan,True,True,Yasur (Vanuatu)
1909,2.0,Estratovolcan,False,True,"Cameroon, Mt. (Cameroon)"
1914,3.0,Caldera,False,False,Pago (Papua New Guinea)
1917,1.0,Domo de lava,False,False,Okataina (New Zealand)
1930,2.0,Caldera,True,False,Krakatau (Indonesia)
1930,3.0,Estratovolcan,True,False,Stromboli (Italy)
1934,¿?,Estratovolcan,False,False,Hood (United States)
1946,4.0,Estratovolcan,True,False,Sarychev Peak (Russia)
1954,¿?,Estratovolcan,True,False,Stromboli (Italy)
1955,3.0,Estratovolcan,False,False,Sakura-jima (Japan)
1962,¿?,Estratovolcan,False,False,Merapi (Indonesia)
1990,4.0,Estratovolcan,False,False,Kelut (Indonesia)
1993,1.0,Volcan complejo,False,False,Unzen (Japan)
2010,3.0,Estratovolcan,False,False,Karangetang [Api Siau] (Indonesia)
2014,¿?,Volcan en escudo,False,False,Kilauea (United States)
2016,¿?,Estratovolcan,False,False,Sinabung (Indonesia)
2019,4.0,Estratovolcan,False,False,Manam (Papua New Guinea)
2019,¿?,Estratovolcan,False,False,Sinabung (Indonesia)
